기준연도,시도코드,시도명,대학구분명,대학교명,본분교구분명,설립형태구분명,평균입학금액,평균등록금액,데이터기준일자,제공기관코드,제공기관명
2025,30,대전광역시,특수대학원,충남대학교,본교,국립,181000,2592471,2025-05-19,B552529,한국장학재단
2025,30,대전광역시,특수대학원,한밭대학교,본교,국립,22300,2337000,2025-05-19,B552529,한국장학재단
2025,31,울산광역시,특수대학원,울산과학기술원,본교,국립,0,4950000,2025-05-19,B552529,한국장학재단
2025,41,경기도,특수대학원,한경대학교,본교,국립,23000,2159169.8,2025-05-19,B552529,한국장학재단
2025,51,강원특별자치도,특수대학원,강릉원주대학교,본교,국립,0,2253821.1,2025-05-19,B552529,한국장학재단
2025,51,강원특별자치도,특수대학원,강원대학교,본교,국립,178000,2377196.9,2025-05-19,B552529,한국장학재단
2025,51,강원특별자치도,특수대학원,춘천교육대학교,본교,국립,179000,1896000,2025-05-19,B552529,한국장학재단
2025,43,충청북도,특수대학원,충북대학교,본교,국립,175000,2541645.2,2025-05-19,B552529,한국장학재단
2025,43,충청북도,특수대학원,한국교원대학교,본교,국립,0,1951087.8,2025-05-19,B552529,한국장학재단
2025,43,충청북도,특수대학원,한국교통대학교,본교,국립,45000,2379479.4,2025-05-19,B552529,한국장학재단
2025,43,충청북도,특수대학원,청주교육대학교,본교,국립,0,1995646.7,2025-05-19,B552529,한국장학재단
2025,44,충청남도,특수대학원,공주대학교,본교,국립,179000,2097053.6,2025-05-19,B552529,한국장학재단
2025,44,충청남도,특수대학원,공주교육대학교,본교,국립,179000,1888000,2025-05-19,B552529,한국장학재단
2025,44,충청남도,특수대학원,한국전통문화대학교(일반),본교,국립,0,1904000,2025-05-19,B552529,한국장학재단
2025,52,전북특별자치도,특수대학원,군산대학교,본교,국립,178000,1743291.1,2025-05-19,B552529,한국장학재단
2025,52,전북특별자치도,특수대학원,전북대학교,본교,국립,178000,2729992.2,2025-05-19,B552529,한국장학재단
2025,52,전북특별자치도,특수대학원,전주교육대학교,본교,국립,0,2323079.8,2025-05-19,B552529,한국장학재단
2025,46,전라남도,특수대학원,목포대학교,본교,국립,189000,1935720.9,2025-05-19,B552529,한국장학재단
2025,46,전라남도,특수대학원,목포해양대학교,본교,국립,168000,2388000,2025-05-19,B552529,한국장학재단
2025,46,전라남도,특수대학원,순천대학교,본교,국립,180000,2104144.1,2025-05-19,B552529,한국장학재단
2025,47,경상북도,특수대학원,금오공과대학교,본교,국립,184000,2377518.7,2025-05-19,B552529,한국장학재단
2025,47,경상북도,특수대학원,경국대학교,본교,국립,170000,1959037.6,2025-05-19,B552529,한국장학재단
2025,48,경상남도,특수대학원,경상국립대학교,본교,국립,180000,2359670.3,2025-05-19,B552529,한국장학재단
2025,48,경상남도,특수대학원,창원대학교,본교,국립,0,2217351.8,2025-05-19,B552529,한국장학재단
2025,48,경상남도,특수대학원,진주교육대학교,본교,국립,177200,2094507.2,2025-05-19,B552529,한국장학재단
2025,50,제주특별자치도,특수대학원,제주대학교,본교,국립,183000,2416903,2025-05-19,B552529,한국장학재단
2025,11,서울특별시,특수대학원,서울시립대학교,본교,공립,184000,3485011.8,2025-05-19,B552529,한국장학재단
2025,41,경기도,특수대학원,한양대학교(ERICA),분교,사립,1030000,6195577.8,2025-05-19,B552529,한국장학재단
2025,51,강원특별자치도,특수대학원,연세대학교(미래),분교,사립,1195000,6300000,2025-05-19,B552529,한국장학재단
2025,43,충청북도,특수대학원,건국대학교(글로컬),분교,사립,1015000,4249607.8,2025-05-19,B552529,한국장학재단
2025,47,경상북도,특수대학원,동국대학교(WISE),분교,사립,910000,4504000,2025-05-19,B552529,한국장학재단
2025,36,세종특별자치시,특수대학원,고려대학교(세종),분교,사립,1031000,5222653.4,2025-05-19,B552529,한국장학재단
2025,11,서울특별시,특수대학원,가톨릭대학교,제2캠퍼,사립,1013000,5570830.4,2025-05-19,B552529,한국장학재단
2025,11,서울특별시,특수대학원,명지대학교,제2캠퍼,사립,930000,5479628.4,2025-05-19,B552529,한국장학재단
2025,28,인천광역시,특수대학원,안양대학교,제2캠퍼,사립,750000,4226333.3,2025-05-19,B552529,한국장학재단
2025,30,대전광역시,특수대학원,건양대학교,제2캠퍼,사립,600000,3518959.5,2025-05-19,B552529,한국장학재단
2025,41,경기도,특수대학원,중앙대학교,제2캠퍼,사립,980000,7391000,2025-05-19,B552529,한국장학재단
2025,41,경기도,특수대학원,예원예술대학교,제2캠퍼,사립,460000,3374869.6,2025-05-19,B552529,한국장학재단
2025,44,충청남도,특수대학원,단국대학교,제2캠퍼,사립,980000,5206012.8,2025-05-19,B552529,한국장학재단
2025,48,경상남도,특수대학원,영산대학교(양산),제2캠퍼,사립,590000,3580000,2025-05-19,B552529,한국장학재단
2025,36,세종특별자치시,특수대학원,홍익대학교,제2캠퍼,사립,996000,5734773.3,2025-05-19,B552529,한국장학재단
2025,52,전북특별자치도,특수대학원,전주대학교,본교,사립,650000,3168321,2025-05-19,B552529,한국장학재단
2025,52,전북특별자치도,특수대학원,우석대학교,본교,사립,637000,3488374.7,2025-05-19,B552529,한국장학재단
2025,52,전북특별자치도,특수대학원,원광대학교,본교,사립,640000,2752888,2025-05-19,B552529,한국장학재단
2025,52,전북특별자치도,특수대학원,한일장신대학교,본교,사립,550000,2826957.5,2025-05-19,B552529,한국장학재단
2025,52,전북특별자치도,특수대학원,예원예술대학교,본교,사립,460000,3343142.9,2025-05-19,B552529,한국장학재단
2025,52,전북특별자치도,특수대학원,원광디지털대학교,본교,사립,0,3000000,2025-05-19,B552529,한국장학재단
2025,46,전라남도,특수대학원,동신대학교,본교,사립,530000,3302518.9,2025-05-19,B552529,한국장학재단
2025,46,전라남도,특수대학원,초당대학교,본교,사립,400000,3236000,2025-05-19,B552529,한국장학재단
2025,47,경상북도,특수대학원,영남신학대학교,본교,사립,550000,3349622,2025-05-19,B552529,한국장학재단
2025,47,경상북도,특수대학원,대신대학교,본교,사립,550000,2905394.7,2025-05-19,B552529,한국장학재단
2025,47,경상북도,특수대학원,대구가톨릭대학교,본교,사립,673345.1,3648361.4,2025-05-19,B552529,한국장학재단
2025,47,경상북도,특수대학원,대구대학교,본교,사립,750000,3116974.5,2025-05-19,B552529,한국장학재단
2025,47,경상북도,특수대학원,영남대학교,본교,사립,839000,3288249.3,2025-05-19,B552529,한국장학재단
2025,47,경상북도,특수대학원,신경주대학교,본교,사립,684000,3206847.6,2025-05-19,B552529,한국장학재단
2025,47,경상북도,특수대학원,경일대학교,본교,사립,750000,6760000,2025-05-19,B552529,한국장학재단
2025,47,경상북도,특수대학원,대구한의대학교,본교,사립,780000,3534102.6,2025-05-19,B552529,한국장학재단
2025,47,경상북도,특수대학원,포항공과대학교,본교,사립,898000,5172000,2025-05-19,B552529,한국장학재단
2025,47,경상북도,특수대학원,한동대학교,본교,사립,900000,4195500,2025-05-19,B552529,한국장학재단
2025,47,경상북도,특수대학원,동양대학교,본교,사립,710000,3677721.2,2025-05-19,B552529,한국장학재단
2025,47,경상북도,특수대학원,위덕대학교,본교,사립,600000,3000000,2025-05-19,B552529,한국장학재단
2025,47,경상북도,특수대학원,대구사이버대학교,본교,사립,0,3500000,2025-05-19,B552529,한국장학재단
2025,47,경상북도,특수대학원,김천대학교,본교,사립,675000,3400363.6,2025-05-19,B552529,한국장학재단
2025,47,경상북도,특수대학원,경운대학교,본교,사립,732000,3420708.3,2025-05-19,B552529,한국장학재단
2025,48,경상남도,특수대학원,인제대학교,본교,사립,632000,3782333.3,2025-05-19,B552529,한국장학재단
2025,48,경상남도,특수대학원,경남대학교,본교,사립,600000,3281048.2,2025-05-19,B552529,한국장학재단
2025,48,경상남도,특수대학원,부산장신대학교,본교,사립,600000,3310476.6,2025-05-19,B552529,한국장학재단
2025,48,경상남도,특수대학원,창신대학교,본교,사립,0,3563043.5,2025-05-19,B552529,한국장학재단
2025,48,경상남도,특수대학원,가야대학교(김해),본교,사립,653000,3099384.6,2025-05-19,B552529,한국장학재단
2025,50,제주특별자치도,특수대학원,제주국제대학교,본교,사립,540000,2877504,2025-05-19,B552529,한국장학재단
2025,11,서울특별시,특수대학원,한국체육대학교,본교,국립,190000,3168000,2025-05-19,B552529,한국장학재단
2025,11,서울특별시,특수대학원,한국방송통신대학교,본교,국립,174300,1368658.4,2025-05-19,B552529,한국장학재단
2025,11,서울특별시,특수대학원,서울과학기술대학교,본교,국립,22000,2808000,2025-05-19,B552529,한국장학재단
2025,26,부산광역시,특수대학원,부경대학교,본교,국립,178000,2299734.5,2025-05-19,B552529,한국장학재단
2025,26,부산광역시,특수대학원,부산대학교,본교,국립,181000,2756983.8,2025-05-19,B552529,한국장학재단
2025,26,부산광역시,특수대학원,한국해양대학교,본교,국립,178500,2364023.5,2025-05-19,B552529,한국장학재단
2025,26,부산광역시,특수대학원,부산교육대학교,본교,국립,173000,2262396.4,2025-05-19,B552529,한국장학재단
2025,27,대구광역시,특수대학원,경북대학교,본교,국립,189000,3039486.9,2025-05-19,B552529,한국장학재단
2025,27,대구광역시,특수대학원,대구교육대학교,본교,국립,0,2257918.3,2025-05-19,B552529,한국장학재단
2025,28,인천광역시,특수대학원,인천대학교,본교,국립,486333.3,2522487.8,2025-05-19,B552529,한국장학재단
2025,29,광주광역시,특수대학원,전남대학교,본교,국립,0,2719529.8,2025-05-19,B552529,한국장학재단
2025,29,광주광역시,특수대학원,광주교육대학교,본교,국립,187000,2072000,2025-05-19,B552529,한국장학재단
2025,41,경기도,특수대학원,아주대학교,본교,사립,731458.5,5793248.2,2025-05-19,B552529,한국장학재단
2025,41,경기도,특수대학원,대진대학교,본교,사립,931000,5101618,2025-05-19,B552529,한국장학재단
2025,41,경기도,특수대학원,루터대학교,본교,사립,750000,3677846.2,2025-05-19,B552529,한국장학재단
2025,41,경기도,특수대학원,협성대학교,본교,사립,800000,3240000,2025-05-19,B552529,한국장학재단
2025,41,경기도,특수대학원,서울신학대학교,본교,사립,847000,3769012.9,2025-05-19,B552529,한국장학재단
2025,41,경기도,특수대학원,성결대학교,본교,사립,850000,4668774.6,2025-05-19,B552529,한국장학재단
2025,41,경기도,특수대학원,차의과학대학교,본교,사립,748000,5659773,2025-05-19,B552529,한국장학재단
2025,41,경기도,특수대학원,한세대학교,본교,사립,600000,4043680.7,2025-05-19,B552529,한국장학재단
2025,41,경기도,특수대학원,아신대학교,본교,사립,738000,3134294.9,2025-05-19,B552529,한국장학재단
2025,41,경기도,특수대학원,안양대학교,본교,사립,750000,4183452.6,2025-05-19,B552529,한국장학재단
2025,41,경기도,특수대학원,한국항공대학교,본교,사립,781000,6037714.3,2025-05-19,B552529,한국장학재단
2025,41,경기도,특수대학원,칼빈대학교,본교,사립,160000,3440000,2025-05-19,B552529,한국장학재단
2025,41,경기도,특수대학원,평택대학교,본교,사립,840000,4379000,2025-05-19,B552529,한국장학재단
2025,41,경기도,특수대학원,한신대학교,본교,사립,956000,4087686.8,2025-05-19,B552529,한국장학재단
2025,41,경기도,특수대학원,한국공학대학교,본교,사립,700000,4093000,2025-05-19,B552529,한국장학재단
2025,41,경기도,특수대학원,신한대학교,본교,사립,500000,4700000,2025-05-19,B552529,한국장학재단
2025,41,경기도,특수대학원,구세군사관대학원대학교,본교,사립,0,3200000,2025-05-19,B552529,한국장학재단
2025,51,강원특별자치도,특수대학원,경동대학교,본교,사립,0,0,2025-05-19,B552529,한국장학재단
2025,51,강원특별자치도,특수대학원,가톨릭관동대학교,본교,사립,630000,3337518.8,2025-05-19,B552529,한국장학재단
2025,51,강원특별자치도,특수대학원,한라대학교,본교,사립,747000,4139000,2025-05-19,B552529,한국장학재단
2025,51,강원특별자치도,특수대학원,상지대학교,본교,사립,715000,4832421.7,2025-05-19,B552529,한국장학재단
2025,51,강원특별자치도,특수대학원,한림대학교,본교,사립,819624.5,4490987,2025-05-19,B552529,한국장학재단
2025,43,충청북도,특수대학원,유원대학교,본교,사립,400000,3150000,2025-05-19,B552529,한국장학재단
2025,43,충청북도,특수대학원,세명대학교,본교,사립,140000,3158815.8,2025-05-19,B552529,한국장학재단
2025,43,충청북도,특수대학원,서원대학교,본교,사립,677000,3358000,2025-05-19,B552529,한국장학재단
2025,43,충청북도,특수대학원,청주대학교,본교,사립,437000,3130730.8,2025-05-19,B552529,한국장학재단
2025,43,충청북도,특수대학원,극동대학교,본교,사립,600000,3620183.1,2025-05-19,B552529,한국장학재단
2025,43,충청북도,특수대학원,가톨릭꽃동네대학교,본교,사립,700000,2801000,2025-05-19,B552529,한국장학재단
2025,43,충청북도,특수대학원,중원대학교,본교,사립,640000,3132675,2025-05-19,B552529,한국장학재단
2025,44,충청남도,특수대학원,나사렛대학교,본교,사립,800000,3711000,2025-05-19,B552529,한국장학재단
2025,44,충청남도,특수대학원,순천향대학교,본교,사립,827000,3870356.7,2025-05-19,B552529,한국장학재단
2025,44,충청남도,특수대학원,백석대학교,본교,사립,650000,4562005.1,2025-05-19,B552529,한국장학재단
2025,44,충청남도,특수대학원,선문대학교,본교,사립,783000,2982034.6,2025-05-19,B552529,한국장학재단
2025,44,충청남도,특수대학원,중부대학교,본교,사립,576000,2637012.9,2025-05-19,B552529,한국장학재단
2025,44,충청남도,특수대학원,한국기술교육대학교,본교,사립,257000,3270000,2025-05-19,B552529,한국장학재단
2025,44,충청남도,특수대학원,한서대학교,본교,사립,700000,3495221.4,2025-05-19,B552529,한국장학재단
2025,44,충청남도,특수대학원,청운대학교,본교,사립,650000,2475956.3,2025-05-19,B552529,한국장학재단
2025,44,충청남도,특수대학원,호서대학교,본교,사립,780000,3487284.9,2025-05-19,B552529,한국장학재단
2025,44,충청남도,특수대학원,글로벌사이버대학교,본교,사립,300000,2500000,2025-05-19,B552529,한국장학재단
2025,44,충청남도,특수대학원,남서울대학교,본교,사립,750000,3274050,2025-05-19,B552529,한국장학재단
2025,11,서울특별시,특수대학원,세종사이버대학교,본교,사립,500000,1450000,2025-05-19,B552529,한국장학재단
2025,11,서울특별시,특수대학원,한양사이버대학교,본교,사립,0,2950000,2025-05-19,B552529,한국장학재단
2025,11,서울특별시,특수대학원,고려사이버대학교,본교,사립,200000,3300000,2025-05-19,B552529,한국장학재단
2025,11,서울특별시,특수대학원,서울미디어대학원대학교,본교,사립,800000,3480099.5,2025-05-19,B552529,한국장학재단
2025,26,부산광역시,특수대학원,고신대학교,본교,사립,618874.2,3139895.3,2025-05-19,B552529,한국장학재단
2025,26,부산광역시,특수대학원,동명대학교,본교,사립,550000,3104756.8,2025-05-19,B552529,한국장학재단
2025,26,부산광역시,특수대학원,동서대학교,본교,사립,600000,3521200,2025-05-19,B552529,한국장학재단
2025,26,부산광역시,특수대학원,동아대학교,본교,사립,692000,3643479.5,2025-05-19,B552529,한국장학재단
2025,26,부산광역시,특수대학원,동의대학교,본교,사립,630000,3452063.4,2025-05-19,B552529,한국장학재단
2025,26,부산광역시,특수대학원,신라대학교,본교,사립,573862.1,3010737.1,2025-05-19,B552529,한국장학재단
2025,26,부산광역시,특수대학원,부산가톨릭대학교,본교,사립,532000,3239000,2025-05-19,B552529,한국장학재단
2025,26,부산광역시,특수대학원,부산외국어대학교,본교,사립,600000,4067675.6,2025-05-19,B552529,한국장학재단
2025,26,부산광역시,특수대학원,경성대학교,본교,사립,550000,3122000,2025-05-19,B552529,한국장학재단
2025,26,부산광역시,특수대학원,부산디지털대학교,본교,사립,0,2700000,2025-05-19,B552529,한국장학재단
2025,26,부산광역시,특수대학원,영산대학교(해운대),본교,사립,590000,3354026,2025-05-19,B552529,한국장학재단
2025,27,대구광역시,특수대학원,계명대학교,본교,사립,810000,3594589.9,2025-05-19,B552529,한국장학재단
2025,28,인천광역시,특수대학원,인하대학교,본교,사립,1041000,6035000,2025-05-19,B552529,한국장학재단
2025,29,광주광역시,특수대학원,광신대학교,본교,사립,353867.4,2694278.2,2025-05-19,B552529,한국장학재단
2025,29,광주광역시,특수대학원,호남대학교,본교,사립,536000,3256361.4,2025-05-19,B552529,한국장학재단
2025,29,광주광역시,특수대학원,광주여자대학교,본교,사립,600000,3157788.8,2025-05-19,B552529,한국장학재단
2025,29,광주광역시,특수대학원,호남신학대학교,본교,사립,496000,3002218.6,2025-05-19,B552529,한국장학재단
2025,29,광주광역시,특수대학원,조선대학교,본교,사립,727000,3506272.4,2025-05-19,B552529,한국장학재단
2025,29,광주광역시,특수대학원,광주대학교,본교,사립,500000,3505026.7,2025-05-19,B552529,한국장학재단
2025,29,광주광역시,특수대학원,남부대학교,본교,사립,567000,3045365.4,2025-05-19,B552529,한국장학재단
2025,29,광주광역시,특수대학원,송원대학교,본교,사립,400000,3056818.2,2025-05-19,B552529,한국장학재단
2025,30,대전광역시,특수대학원,목원대학교,본교,사립,715000,3132849.2,2025-05-19,B552529,한국장학재단
2025,30,대전광역시,특수대학원,한남대학교,본교,사립,755620,3370658,2025-05-19,B552529,한국장학재단
2025,30,대전광역시,특수대학원,대전신학대학교,본교,사립,486792.5,2827967.9,2025-05-19,B552529,한국장학재단
2025,30,대전광역시,특수대학원,우송대학교,본교,사립,800000,4055587.8,2025-05-19,B552529,한국장학재단
2025,30,대전광역시,특수대학원,배재대학교,본교,사립,806000,3329264.2,2025-05-19,B552529,한국장학재단
2025,30,대전광역시,특수대학원,한국침례신학대학교,본교,사립,805000,3098000,2025-05-19,B552529,한국장학재단
2025,30,대전광역시,특수대학원,대전대학교,본교,사립,730000,3398958.3,2025-05-19,B552529,한국장학재단
2025,31,울산광역시,특수대학원,울산대학교,본교,사립,715000,3854776.6,2025-05-19,B552529,한국장학재단
2025,41,경기도,특수대학원,가톨릭대학교,본교,사립,1096000,5188883,2025-05-19,B552529,한국장학재단
2025,41,경기도,특수대학원,강남대학교,본교,사립,875000,4899656.3,2025-05-19,B552529,한국장학재단
2025,41,경기도,특수대학원,경기대학교,본교,사립,888000,4966617.9,2025-05-19,B552529,한국장학재단
2025,41,경기도,특수대학원,가천대학교,본교,사립,984000,4663396.9,2025-05-19,B552529,한국장학재단
2025,41,경기도,특수대학원,수원대학교,본교,사립,768000,3797148.5,2025-05-19,B552529,한국장학재단
2025,41,경기도,특수대학원,서울장신대학교,본교,사립,442000,3877243.1,2025-05-19,B552529,한국장학재단
2025,41,경기도,특수대학원,단국대학교,본교,사립,980000,5469777,2025-05-19,B552529,한국장학재단
2025,41,경기도,특수대학원,용인대학교,본교,사립,886000,5146356,2025-05-19,B552529,한국장학재단
2025,11,서울특별시,특수대학원,감리교신학대학교,본교,사립,889150,3534872.3,2025-05-19,B552529,한국장학재단
2025,11,서울특별시,특수대학원,건국대학교,본교,사립,1015000,5144302.4,2025-05-19,B552529,한국장학재단
2025,11,서울특별시,특수대학원,고려대학교,본교,사립,1228156.7,7093418.2,2025-05-19,B552529,한국장학재단
2025,11,서울특별시,특수대학원,경희대학교,본교,사립,1007328.2,5830202.5,2025-05-19,B552529,한국장학재단
2025,11,서울특별시,특수대학원,광운대학교,본교,사립,946153.8,5231852.9,2025-05-19,B552529,한국장학재단
2025,11,서울특별시,특수대학원,국민대학교,본교,사립,1011947,5321890,2025-05-19,B552529,한국장학재단
2025,11,서울특별시,특수대학원,세종대학교,본교,사립,832560.8,4902820.2,2025-05-19,B552529,한국장학재단
2025,11,서울특별시,특수대학원,총신대학교,본교,사립,926399.6,3712571.3,2025-05-19,B552529,한국장학재단
2025,11,서울특별시,특수대학원,덕성여자대학교,본교,사립,1094000,4491000,2025-05-19,B552529,한국장학재단
2025,11,서울특별시,특수대학원,동국대학교,본교,사립,1021000,5406881.4,2025-05-19,B552529,한국장학재단
2025,11,서울특별시,특수대학원,동덕여자대학교,본교,사립,847000,4897897.9,2025-05-19,B552529,한국장학재단
2025,11,서울특별시,특수대학원,한국외국어대학교,본교,사립,1053330.6,5015267.3,2025-05-19,B552529,한국장학재단
2025,11,서울특별시,특수대학원,삼육대학교,본교,사립,835000,4977950.3,2025-05-19,B552529,한국장학재단
2025,11,서울특별시,특수대학원,상명대학교,본교,사립,1039000,5196226.1,2025-05-19,B552529,한국장학재단
2025,11,서울특별시,특수대학원,서강대학교,본교,사립,1123000,6232082.9,2025-05-19,B552529,한국장학재단
2025,11,서울특별시,특수대학원,서경대학교,본교,사립,910000,5197281.3,2025-05-19,B552529,한국장학재단
2025,11,서울특별시,특수대학원,성공회대학교,본교,사립,831500,4661186.7,2025-05-19,B552529,한국장학재단
2025,11,서울특별시,특수대학원,성균관대학교,본교,사립,1169000,6405396.3,2025-05-19,B552529,한국장학재단
2025,11,서울특별시,특수대학원,성신여자대학교,본교,사립,931000,5032309.5,2025-05-19,B552529,한국장학재단
2025,11,서울특별시,특수대학원,숙명여자대학교,본교,사립,913000,4840018.3,2025-05-19,B552529,한국장학재단
2025,11,서울특별시,특수대학원,숭실대학교,본교,사립,950000,5410023.6,2025-05-19,B552529,한국장학재단
2025,11,서울특별시,특수대학원,연세대학교,본교,사립,1192252,6826531.9,2025-05-19,B552529,한국장학재단
2025,11,서울특별시,특수대학원,이화여자대학교,본교,사립,1090000,6517809.7,2025-05-19,B552529,한국장학재단
2025,11,서울특별시,특수대학원,장로회신학대학교,본교,사립,787000,3819825.4,2025-05-19,B552529,한국장학재단
2025,11,서울특별시,특수대학원,서울여자대학교,본교,사립,948000,4068166.7,2025-05-19,B552529,한국장학재단
2025,11,서울특별시,특수대학원,중앙대학교,본교,사립,980000,6543193.1,2025-05-19,B552529,한국장학재단
2025,11,서울특별시,특수대학원,추계예술대학교,본교,사립,650000,4561112.2,2025-05-19,B552529,한국장학재단
2025,11,서울특별시,특수대학원,강서대학교,본교,사립,700000,3968888.9,2025-05-19,B552529,한국장학재단
2025,11,서울특별시,특수대학원,한국성서대학교,본교,사립,400000,3764679.2,2025-05-19,B552529,한국장학재단
2025,11,서울특별시,특수대학원,한성대학교,본교,사립,873215.5,3747036.4,2025-05-19,B552529,한국장학재단
2025,11,서울특별시,특수대학원,한양대학교,본교,사립,1030000,6359058.9,2025-05-19,B552529,한국장학재단
2025,11,서울특별시,특수대학원,서울한영대학교,본교,사립,500000,3213223.1,2025-05-19,B552529,한국장학재단
2025,11,서울특별시,특수대학원,홍익대학교,본교,사립,996000,6230296.4,2025-05-19,B552529,한국장학재단
2025,11,서울특별시,특수대학원,서울기독대학교,본교,사립,600000,3520000,2025-05-19,B552529,한국장학재단
2025,11,서울특별시,특수대학원,서울사회복지대학원대학교,본교,사립,672000,3424000,2025-05-19,B552529,한국장학재단
2025,11,서울특별시,특수대학원,한림국제대학원대학교,본교,사립,840000,5160000,2025-05-19,B552529,한국장학재단
2025,11,서울특별시,특수대학원,한반도국제대학원대학교,본교,사립,0,1800000,2025-05-19,B552529,한국장학재단
2025,11,서울특별시,특수대학원,경희사이버대학교,본교,사립,700000,2900000,2025-05-19,B552529,한국장학재단
2025,11,서울특별시,특수대학원,사이버한국외국어대학교,본교,사립,500000,2900000,2025-05-19,B552529,한국장학재단
2025,11,서울특별시,특수대학원,서울사이버대학교,본교,사립,0,2800000,2025-05-19,B552529,한국장학재단
2025,52,전북특별자치도,전문대학원,원불교대학원대학교,본교,사립,0,2000000,2025-05-19,B552529,한국장학재단
2025,47,경상북도,전문대학원,영남대학교,본교,사립,867000,8474000,2025-05-19,B552529,한국장학재단
2025,47,경상북도,전문대학원,포항공과대학교,본교,사립,898000,5686096.5,2025-05-19,B552529,한국장학재단
2025,47,경상북도,전문대학원,한동대학교,본교,사립,900000,8869506.7,2025-05-19,B552529,한국장학재단
2025,47,경상북도,전문대학원,경안대학원대학교,본교,사립,500000,2100000,2025-05-19,B552529,한국장학재단
2025,48,경상남도,전문대학원,경남대학교,본교,사립,600000,5012000,2025-05-19,B552529,한국장학재단
2025,36,세종특별자치시,전문대학원,한국개발연구원국제정책대학원대학교,본교,사립,0,6916666.7,2025-05-19,B552529,한국장학재단
2025,11,서울특별시,전문대학원,서울대학교,본교,국립,190319.8,5700982.3,2025-05-19,B552529,한국장학재단
2025,11,서울특별시,전문대학원,서울교육대학교,본교,국립,222000,2432993.5,2025-05-19,B552529,한국장학재단
2025,11,서울특별시,전문대학원,서울과학기술대학교,본교,국립,22000,3674498.6,2025-05-19,B552529,한국장학재단
2025,26,부산광역시,전문대학원,부경대학교,본교,국립,178000,3500000,2025-05-19,B552529,한국장학재단
2025,26,부산광역시,전문대학원,부산대학교,본교,국립,169573.2,5026610.9,2025-05-19,B552529,한국장학재단
2025,26,부산광역시,전문대학원,한국해양대학교,본교,국립,178500,2691500,2025-05-19,B552529,한국장학재단
2025,27,대구광역시,전문대학원,경북대학교,본교,국립,181986.1,4840395.8,2025-05-19,B552529,한국장학재단
2025,27,대구광역시,전문대학원,대구교육대학교,본교,국립,0,2712066.7,2025-05-19,B552529,한국장학재단
2025,27,대구광역시,전문대학원,대구경북과학기술원,본교,국립,0,10000000,2025-05-19,B552529,한국장학재단
2025,28,인천광역시,전문대학원,인천대학교,본교,국립,485000,3304125,2025-05-19,B552529,한국장학재단
2025,28,인천광역시,전문대학원,경인교육대학교,본교,국립,0,2294514.8,2025-05-19,B552529,한국장학재단
2025,29,광주광역시,전문대학원,전남대학교,본교,국립,0,5095458.8,2025-05-19,B552529,한국장학재단
2025,29,광주광역시,전문대학원,광주교육대학교,본교,국립,0,2700000,2025-05-19,B552529,한국장학재단
2025,30,대전광역시,전문대학원,충남대학교,본교,국립,181000,4938500,2025-05-19,B552529,한국장학재단
2025,30,대전광역시,전문대학원,한밭대학교,본교,국립,22300,2665000,2025-05-19,B552529,한국장학재단
2025,31,울산광역시,전문대학원,울산과학기술원,본교,국립,0,6500000,2025-05-19,B552529,한국장학재단
2025,41,경기도,전문대학원,국립암센터국제암대학원대학교,본교,국립,200000,4680000,2025-05-19,B552529,한국장학재단
2025,51,강원특별자치도,전문대학원,강원대학교,본교,국립,178000,5704000,2025-05-19,B552529,한국장학재단
2025,43,충청북도,전문대학원,충북대학교,본교,국립,175000,5156000,2025-05-19,B552529,한국장학재단
2025,43,충청북도,전문대학원,한국교원대학교,본교,국립,70217.8,2552919.3,2025-05-19,B552529,한국장학재단
2025,43,충청북도,전문대학원,한국교통대학교,본교,국립,45000,3041000,2025-05-19,B552529,한국장학재단
2025,44,충청남도,전문대학원,공주대학교,본교,국립,179000,2201000,2025-05-19,B552529,한국장학재단
2025,44,충청남도,전문대학원,한국전통문화대학교(일반),본교,국립,0,1990787.5,2025-05-19,B552529,한국장학재단
2025,52,전북특별자치도,전문대학원,전북대학교,본교,국립,178000,5266533.3,2025-05-19,B552529,한국장학재단
2025,47,경상북도,전문대학원,경국대학교,본교,국립,170000,2750000,2025-05-19,B552529,한국장학재단
2025,50,제주특별자치도,전문대학원,제주대학교,본교,국립,189153.8,4325588.2,2025-05-19,B552529,한국장학재단
2025,11,서울특별시,전문대학원,서울시립대학교,본교,공립,193868.4,4736493.8,2025-05-19,B552529,한국장학재단
2025,43,충청북도,전문대학원,건국대학교(글로컬),분교,사립,0,12851000,2025-05-19,B552529,한국장학재단
2025,36,세종특별자치시,전문대학원,고려대학교(세종),분교,사립,1234000,6572000,2025-05-19,B552529,한국장학재단
2025,11,서울특별시,전문대학원,명지대학교,제2캠퍼,사립,930000,7123000,2025-05-19,B552529,한국장학재단
2025,51,강원특별자치도,전문대학원,강원대학교,제2캠퍼,국립,178000,3263000,2025-05-19,B552529,한국장학재단
2025,11,서울특별시,전문대학원,한국상담대학원대학교,본교,사립,600000,4400000,2025-05-19,B552529,한국장학재단
2025,11,서울특별시,전문대학원,치유상담대학원대학교,본교,사립,600000,4532624.1,2025-05-19,B552529,한국장학재단
2025,26,부산광역시,전문대학원,동서대학교,본교,사립,0,0,2025-05-19,B552529,한국장학재단
2025,26,부산광역시,전문대학원,동아대학교,본교,사립,785857.1,7031270.3,2025-05-19,B552529,한국장학재단
2025,28,인천광역시,전문대학원,성산효대학원대학교,본교,사립,720000,3496539.8,2025-05-19,B552529,한국장학재단
2025,28,인천광역시,전문대학원,인하대학교,본교,사립,1041000,7847738.2,2025-05-19,B552529,한국장학재단
2025,28,인천광역시,전문대학원,주안대학원대학교,본교,사립,652000,3458714.3,2025-05-19,B552529,한국장학재단
2025,29,광주광역시,전문대학원,광주대학교,본교,사립,510000,3832235.3,2025-05-19,B552529,한국장학재단
2025,30,대전광역시,전문대학원,건신대학원대학교,본교,사립,527344.4,3206908.7,2025-05-19,B552529,한국장학재단
2025,30,대전광역시,전문대학원,한국침례신학대학교,본교,사립,826000,2160000,2025-05-19,B552529,한국장학재단
2025,30,대전광역시,전문대학원,과학기술연합대학원대학교,본교,사립,180000,2500000,2025-05-19,B552529,한국장학재단
2025,31,울산광역시,전문대학원,울산대학교,본교,사립,715000,5565000,2025-05-19,B552529,한국장학재단
2025,31,울산광역시,전문대학원,한국전력국제원자력대학원대학교,본교,사립,1000000,23325000,2025-05-19,B552529,한국장학재단
2025,41,경기도,전문대학원,강남대학교,본교,사립,0,0,2025-05-19,B552529,한국장학재단
2025,41,경기도,전문대학원,경기대학교,본교,사립,888000,4540199.4,2025-05-19,B552529,한국장학재단
2025,41,경기도,전문대학원,단국대학교,본교,사립,0,0,2025-05-19,B552529,한국장학재단
2025,41,경기도,전문대학원,아주대학교,본교,사립,1066666.7,8361666.7,2025-05-19,B552529,한국장학재단
2025,41,경기도,전문대학원,대진대학교,본교,사립,931000,6500000,2025-05-19,B552529,한국장학재단
2025,41,경기도,전문대학원,대한신학대학원대학교,본교,사립,500000,3105268.8,2025-05-19,B552529,한국장학재단
2025,41,경기도,전문대학원,서울신학대학교,본교,사립,901000,4392724.1,2025-05-19,B552529,한국장학재단
2025,41,경기도,전문대학원,차의과학대학교,본교,사립,983000,9987000,2025-05-19,B552529,한국장학재단
2025,41,경기도,전문대학원,웨스트민스터신학대학원대학교,본교,사립,654900,3384893.6,2025-05-19,B552529,한국장학재단
2025,41,경기도,전문대학원,합동신학대학원대학교,본교,사립,768039.6,3710732.3,2025-05-19,B552529,한국장학재단
2025,41,경기도,전문대학원,평택대학교,본교,사립,840000,4783328.2,2025-05-19,B552529,한국장학재단
2025,41,경기도,전문대학원,국제법률경영대학원대학교,본교,사립,0,3575641.5,2025-05-19,B552529,한국장학재단
2025,41,경기도,전문대학원,온석대학원대학교,본교,사립,563768.1,3049182.4,2025-05-19,B552529,한국장학재단
2025,41,경기도,전문대학원,성서침례대학원대학교,본교,사립,540000,2919899,2025-05-19,B552529,한국장학재단
2025,41,경기도,전문대학원,에스라성경대학원대학교,본교,사립,465500,3932800,2025-05-19,B552529,한국장학재단
2025,41,경기도,전문대학원,선학유피대학원대학교,본교,사립,600000,3105000,2025-05-19,B552529,한국장학재단
2025,41,경기도,전문대학원,실천신학대학원대학교,본교,사립,300000,3561312.5,2025-05-19,B552529,한국장학재단
2025,41,경기도,전문대학원,제네바신학대학원대학교,본교,사립,0,2500000,2025-05-19,B552529,한국장학재단
2025,41,경기도,전문대학원,한국공학대학교,본교,사립,700000,4878000,2025-05-19,B552529,한국장학재단
2025,41,경기도,전문대학원,능인대학원대학교,본교,사립,520000,3700000,2025-05-19,B552529,한국장학재단
2025,44,충청남도,전문대학원,백석대학교,본교,사립,807142.9,4559446.8,2025-05-19,B552529,한국장학재단
2025,44,충청남도,전문대학원,선문대학교,본교,사립,0,0,2025-05-19,B552529,한국장학재단
2025,44,충청남도,전문대학원,한국기술교육대학교,본교,사립,257000,3270000,2025-05-19,B552529,한국장학재단
2025,44,충청남도,전문대학원,한서대학교,본교,사립,700000,4936000,2025-05-19,B552529,한국장학재단
2025,44,충청남도,전문대학원,청운대학교,본교,사립,650000,3944444.4,2025-05-19,B552529,한국장학재단
2025,44,충청남도,전문대학원,호서대학교,본교,사립,780000,4669564.9,2025-05-19,B552529,한국장학재단
2025,44,충청남도,전문대학원,국제뇌교육종합대학원대학교,본교,사립,646000,3976724.5,2025-05-19,B552529,한국장학재단
2025,52,전북특별자치도,전문대학원,원광대학교,본교,사립,829473.7,7813202.3,2025-05-19,B552529,한국장학재단
2025,51,강원특별자치도,특수대학원,강릉원주대학교,제2캠퍼,국립,0,2114555.6,2025-05-19,B552529,한국장학재단
2025,51,강원특별자치도,특수대학원,강원대학교,제2캠퍼,국립,178000,2714072.5,2025-05-19,B552529,한국장학재단
2025,46,전라남도,특수대학원,전남대학교,제2캠퍼,국립,0,4056555,2025-05-19,B552529,한국장학재단
2025,11,서울특별시,특수대학원,가톨릭대학교,제3캠퍼,사립,1086000,5947000,2025-05-19,B552529,한국장학재단
2025,41,경기도,특수대학원,을지대학교,제3캠퍼,사립,844000,4756000,2025-05-19,B552529,한국장학재단
2025,11,서울특별시,전문대학원,건국대학교,본교,사립,1188758,8302025.5,2025-05-19,B552529,한국장학재단
2025,11,서울특별시,전문대학원,고려대학교,본교,사립,1336461.5,10623548.1,2025-05-19,B552529,한국장학재단
2025,11,서울특별시,전문대학원,경희대학교,본교,사립,1091421.1,7484844.8,2025-05-19,B552529,한국장학재단
2025,11,서울특별시,전문대학원,국민대학교,본교,사립,1029000,6736657.3,2025-05-19,B552529,한국장학재단
2025,11,서울특별시,전문대학원,세종대학교,본교,사립,990000,5959692.3,2025-05-19,B552529,한국장학재단
2025,11,서울특별시,전문대학원,총신대학교,본교,사립,1015000,4772579.7,2025-05-19,B552529,한국장학재단
2025,11,서울특별시,전문대학원,동국대학교,본교,사립,1021000,7278983.3,2025-05-19,B552529,한국장학재단
2025,11,서울특별시,전문대학원,동덕여자대학교,본교,사립,847000,5890000,2025-05-19,B552529,한국장학재단
2025,11,서울특별시,전문대학원,한국외국어대학교,본교,사립,1170219.2,6437812.7,2025-05-19,B552529,한국장학재단
2025,11,서울특별시,전문대학원,베뢰아국제대학원대학교,본교,사립,500000,2473083.3,2025-05-19,B552529,한국장학재단
2025,11,서울특별시,전문대학원,서강대학교,본교,사립,1169833.7,8612729.6,2025-05-19,B552529,한국장학재단
2025,11,서울특별시,전문대학원,성균관대학교,본교,사립,1252848.4,10262116.6,2025-05-19,B552529,한국장학재단
2025,11,서울특별시,전문대학원,숙명여자대학교,본교,사립,913000,9500000,2025-05-19,B552529,한국장학재단
2025,11,서울특별시,전문대학원,연세대학교,본교,사립,1349780.6,10234556.4,2025-05-19,B552529,한국장학재단
2025,11,서울특별시,전문대학원,이화여자대학교,본교,사립,1096383.6,8461600.8,2025-05-19,B552529,한국장학재단
2025,11,서울특별시,전문대학원,장로회신학대학교,본교,사립,787000,5444581.6,2025-05-19,B552529,한국장학재단
2025,11,서울특별시,전문대학원,서울여자대학교,본교,사립,0,0,2025-05-19,B552529,한국장학재단
2025,11,서울특별시,전문대학원,중앙대학교,본교,사립,1132247.6,8640908.1,2025-05-19,B552529,한국장학재단
2025,11,서울특별시,전문대학원,한양대학교,본교,사립,1030000,8990088,2025-05-19,B552529,한국장학재단
2025,11,서울특별시,전문대학원,홍익대학교,본교,사립,996000,7380000,2025-05-19,B552529,한국장학재단
2025,11,서울특별시,전문대학원,횃불트리니티신학대학원대학교,본교,사립,822971,3702607,2025-05-19,B552529,한국장학재단
2025,11,서울특별시,전문대학원,서울성경신학대학원대학교,본교,사립,0,2647727.3,2025-05-19,B552529,한국장학재단
2025,11,서울특별시,전문대학원,수도국제대학원대학교,본교,사립,605681.8,3340048.5,2025-05-19,B552529,한국장학재단
2025,11,서울특별시,전문대학원,예명대학원대학교,본교,사립,209284.1,3211940.3,2025-05-19,B552529,한국장학재단
2025,11,서울특별시,전문대학원,서울벤처대학원대학교,본교,사립,789000,4658000,2025-05-19,B552529,한국장학재단
2025,11,서울특별시,전문대학원,개신대학원대학교,본교,사립,500000,3190808.1,2025-05-19,B552529,한국장학재단
2025,11,서울특별시,전문대학원,서울과학종합대학원대학교,본교,사립,736619.7,9827686,2025-05-19,B552529,한국장학재단
2025,11,서울특별시,전문대학원,국제언어대학원대학교,본교,사립,500000,5673000,2025-05-19,B552529,한국장학재단
2025,11,서울특별시,전문대학원,서울불교대학원대학교,본교,사립,800000,4583333.3,2025-05-19,B552529,한국장학재단
2025,11,서울특별시,전문대학원,서울외국어대학원대학교,본교,사립,800000,8600000,2025-05-19,B552529,한국장학재단
2025,11,서울특별시,전문대학원,북한대학원대학교,본교,사립,800000,5216000,2025-05-19,B552529,한국장학재단
2025,11,서울특별시,전문대학원,동방문화대학원대학교,본교,사립,700000,4237419.4,2025-05-19,B552529,한국장학재단
2025,11,서울특별시,전문대학원,순복음대학원대학교,본교,사립,500000,3546200,2025-05-19,B552529,한국장학재단
2025,11,서울특별시,전문대학원,한양사이버대학교,본교,사립,700000,4045238.1,2025-05-19,B552529,한국장학재단
2025,11,서울특별시,전문대학원,서울상담심리대학원대학교,본교,사립,640000,4391703.7,2025-05-19,B552529,한국장학재단
2025,11,서울특별시,대학,명지대학교,제2캠퍼,사립,0,7445643.1,2025-05-19,B552529,한국장학재단
2025,28,인천광역시,대학,안양대학교,제2캠퍼,사립,0,8845841.4,2025-05-19,B552529,한국장학재단
2025,41,경기도,대학,예원예술대학교,제2캠퍼,사립,0,8828407.1,2025-05-19,B552529,한국장학재단
2025,41,경기도,대학,을지대학교,제2캠퍼,사립,0,8838078.6,2025-05-19,B552529,한국장학재단
2025,52,전북특별자치도,전문대학,군장대학교,본교,사립,0,5812697.3,2025-05-19,B552529,한국장학재단
2025,47,경상북도,전문대학,문경대학교,본교,사립,0,6166678,2025-05-19,B552529,한국장학재단
2025,41,경기도,전문대학,농협대학교,본교,사립,0,4982666.7,2025-05-19,B552529,한국장학재단
2025,27,대구광역시,전문대학,대구공업대학교,본교,사립,0,5858239.6,2025-05-19,B552529,한국장학재단
2025,41,경기도,전문대학,대림대학교,본교,사립,0,7144171.4,2025-05-19,B552529,한국장학재단
2025,48,경상남도,전문대학,거제대학교,본교,사립,0,6519050.1,2025-05-19,B552529,한국장학재단
2025,44,충청남도,전문대학,아주자동차대학교,본교,사립,0,7022363.6,2025-05-19,B552529,한국장학재단
2025,28,인천광역시,전문대학,인천재능대학교,본교,사립,0,6982694.9,2025-05-19,B552529,한국장학재단
2025,47,경상북도,전문대학,경북과학대학교,본교,사립,0,5750275,2025-05-19,B552529,한국장학재단
2025,41,경기도,전문대학,동남보건대학교,본교,사립,0,6576153.8,2025-05-19,B552529,한국장학재단
2025,26,부산광역시,전문대학,경남정보대학교,본교,사립,0,6530015.4,2025-05-19,B552529,한국장학재단
2025,41,경기도,전문대학,경복대학교,본교,사립,0,6969611.7,2025-05-19,B552529,한국장학재단
2025,41,경기도,전문대학,여주대학교,본교,사립,0,7370160.6,2025-05-19,B552529,한국장학재단
2025,30,대전광역시,전문대학,우송정보대학,본교,사립,0,6446931.1,2025-05-19,B552529,한국장학재단
2025,11,서울특별시,전문대학,동양미래대학교,본교,사립,0,7029433.7,2025-05-19,B552529,한국장학재단
2025,48,경상남도,전문대학,동원과학기술대학교,본교,사립,0,6176371.5,2025-05-19,B552529,한국장학재단
2025,41,경기도,전문대학,동원대학교,본교,사립,0,7138474,2025-05-19,B552529,한국장학재단
2025,26,부산광역시,전문대학,동의과학대학교,본교,사립,0,6667980.6,2025-05-19,B552529,한국장학재단
2025,47,경상북도,전문대학,포항대학교,본교,사립,0,6395046.7,2025-05-19,B552529,한국장학재단
2025,41,경기도,전문대학,두원공과대학교,본교,사립,0,6815176.5,2025-05-19,B552529,한국장학재단
2025,11,서울특별시,전문대학,명지전문대학,본교,사립,0,6944016.3,2025-05-19,B552529,한국장학재단
2025,48,경상남도,전문대학,창원문성대학교,본교,사립,0,6355327.4,2025-05-19,B552529,한국장학재단
2025,48,경상남도,전문대학,마산대학교,본교,사립,0,6200110.1,2025-05-19,B552529,한국장학재단
2025,43,충청북도,전문대학,대원대학교,본교,사립,0,6381798.5,2025-05-19,B552529,한국장학재단
2025,27,대구광역시,전문대학,대구보건대학교,본교,사립,0,6600330.7,2025-05-19,B552529,한국장학재단
2025,11,서울특별시,전문대학,배화여자대학교,본교,사립,0,6633959.4,2025-05-19,B552529,한국장학재단
2025,52,전북특별자치도,전문대학,백제예술대학교,본교,사립,0,7831837.5,2025-05-19,B552529,한국장학재단
2025,46,전라남도,전문대학,동아보건대학교,본교,사립,0,4846884.3,2025-05-19,B552529,한국장학재단
2025,46,전라남도,전문대학,한영대학교,본교,사립,0,6019282.1,2025-05-19,B552529,한국장학재단
2025,11,서울특별시,전문대학,삼육보건대학교,본교,사립,0,6106391.2,2025-05-19,B552529,한국장학재단
2025,47,경상북도,전문대학,가톨릭상지대학교,본교,사립,0,5932201.6,2025-05-19,B552529,한국장학재단
2025,41,경기도,전문대학,안산대학교,본교,사립,0,6413898.6,2025-05-19,B552529,한국장학재단
2025,29,광주광역시,전문대학,서영대학교,본교,사립,0,5852748.5,2025-05-19,B552529,한국장학재단
2025,41,경기도,전문대학,장안대학교,본교,사립,0,6614107.7,2025-05-19,B552529,한국장학재단
2025,26,부산광역시,전문대학,부산보건대학교,본교,사립,0,6412658,2025-05-19,B552529,한국장학재단
2025,47,경상북도,전문대학,선린대학교,본교,사립,0,6145072.8,2025-05-19,B552529,한국장학재단
2025,47,경상북도,전문대학,성운대학교,본교,사립,0,5283708.7,2025-05-19,B552529,한국장학재단
2025,41,경기도,전문대학,한국관광대학교,본교,사립,0,6621535.5,2025-05-19,B552529,한국장학재단
2025,27,대구광역시,전문대학,수성대학교,본교,사립,0,6204545.7,2025-05-19,B552529,한국장학재단
2025,51,강원특별자치도,전문대학,세경대학교,본교,사립,0,5226022.1,2025-05-19,B552529,한국장학재단
2025,52,전북특별자치도,전문대학,군산간호대학교,본교,사립,0,6353625,2025-05-19,B552529,한국장학재단
2025,11,서울특별시,전문대학,서일대학교,본교,사립,0,6697448.6,2025-05-19,B552529,한국장학재단
2025,41,경기도,전문대학,용인예술과학대학교,본교,사립,0,7224388.4,2025-05-19,B552529,한국장학재단
2025,41,경기도,전문대학,수원여자대학교,본교,사립,0,6998715.5,2025-05-19,B552529,한국장학재단
2025,46,전라남도,전문대학,순천제일대학교,본교,사립,0,5750043.6,2025-05-19,B552529,한국장학재단
2025,11,서울특별시,전문대학,숭의여자대학교,본교,사립,0,6384902.6,2025-05-19,B552529,한국장학재단
2025,41,경기도,전문대학,신구대학교,본교,사립,0,7008582,2025-05-19,B552529,한국장학재단
2025,52,전북특별자치도,전문대학,전주비전대학교,본교,사립,0,6525508.5,2025-05-19,B552529,한국장학재단
2025,30,대전광역시,전문대학,대전과학기술대학교,본교,사립,0,6241381,2025-05-19,B552529,한국장학재단
2025,46,전라남도,전문대학,나주대학교,본교,사립,0,4603038.8,2025-05-19,B552529,한국장학재단
2025,46,전라남도,전문대학,광양보건대학교,본교,사립,0,5884842.9,2025-05-19,B552529,한국장학재단
2025,47,경상북도,전문대학,경북보건대학교,본교,사립,0,5602908.2,2025-05-19,B552529,한국장학재단
2025,48,경상남도,전문대학,연암공과대학교,본교,사립,0,5568095.9,2025-05-19,B552529,한국장학재단
2025,44,충청남도,전문대학,연암대학교,본교,사립,0,6283856.5,2025-05-19,B552529,한국장학재단
2025,41,경기도,전문대학,연성대학교,본교,사립,0,6872500.3,2025-05-19,B552529,한국장학재단
2025,27,대구광역시,전문대학,영남이공대학교,본교,사립,0,6493316.3,2025-05-19,B552529,한국장학재단
2025,46,전라남도,전문대학,목포과학대학교,본교,사립,0,5950799.6,2025-05-19,B552529,한국장학재단
2025,27,대구광역시,전문대학,영진전문대학교,본교,사립,0,6548336.7,2025-05-19,B552529,한국장학재단
2025,41,경기도,전문대학,오산대학교,본교,사립,0,6865513.1,2025-05-19,B552529,한국장학재단
2025,46,전라남도,전문대학,전남과학대학교,본교,사립,0,5498403.6,2025-05-19,B552529,한국장학재단
2025,47,경상북도,전문대학,구미대학교,본교,사립,0,6180253.5,2025-05-19,B552529,한국장학재단
2025,31,울산광역시,전문대학,울산과학대학교,본교,사립,0,6498601.1,2025-05-19,B552529,한국장학재단
2025,26,부산광역시,전문대학,부산예술대학교,본교,사립,0,5933791.9,2025-05-19,B552529,한국장학재단
2025,52,전북특별자치도,전문대학,원광보건대학교,본교,사립,0,6546660.8,2025-05-19,B552529,한국장학재단
2025,47,경상북도,전문대학,서라벌대학교,본교,사립,0,6116666.7,2025-05-19,B552529,한국장학재단
2025,41,경기도,전문대학,유한대학교,본교,사립,0,6547910.5,2025-05-19,B552529,한국장학재단
2025,11,서울특별시,전문대학,서울여자간호대학교,본교,사립,0,6761750,2025-05-19,B552529,한국장학재단
2025,11,서울특별시,전문대학,인덕대학교,본교,사립,0,6967334.8,2025-05-19,B552529,한국장학재단
2025,36,세종특별자치시,전문대학,한국영상대학교,본교,사립,0,6706404.6,2025-05-19,B552529,한국장학재단
2025,28,인천광역시,전문대학,인하공업전문대학,본교,사립,0,7119189.2,2025-05-19,B552529,한국장학재단
2025,51,강원특별자치도,전문대학,한림성심대학교,본교,사립,0,6057833.9,2025-05-19,B552529,한국장학재단
2025,47,경상북도,전문대학,안동과학대학교,본교,사립,0,5916667.4,2025-05-19,B552529,한국장학재단
2025,29,광주광역시,전문대학,광주보건대학교,본교,사립,0,5450492.4,2025-05-19,B552529,한국장학재단
2025,52,전북특별자치도,전문대학,전주기전대학,본교,사립,0,6600000,2025-05-19,B552529,한국장학재단
2025,52,전북특별자치도,전문대학,전북과학대학교,본교,사립,0,5323013.7,2025-05-19,B552529,한국장학재단
2025,50,제주특별자치도,전문대학,제주관광대학교,본교,사립,0,5464341.6,2025-05-19,B552529,한국장학재단
2025,29,광주광역시,전문대학,조선간호대학교,본교,사립,0,5312688.9,2025-05-19,B552529,한국장학재단
2025,29,광주광역시,전문대학,조선이공대학교,본교,사립,0,5769316.4,2025-05-19,B552529,한국장학재단
2025,43,충청북도,전문대학,충북보건과학대학교,본교,사립,0,6541242.9,2025-05-19,B552529,한국장학재단
2025,47,경상북도,전문대학,대경대학교,본교,사립,0,6389481.6,2025-05-19,B552529,한국장학재단
2025,26,부산광역시,전문대학,부산과학기술대학교,본교,사립,0,6397397.3,2025-05-19,B552529,한국장학재단
2025,41,경기도,전문대학,신안산대학교,본교,사립,0,7167540,2025-05-19,B552529,한국장학재단
2025,30,대전광역시,전문대학,대덕대학교,본교,사립,0,6091406.5,2025-05-19,B552529,한국장학재단
2025,41,경기도,전문대학,청강문화산업대학교,본교,사립,0,7833718.4,2025-05-19,B552529,한국장학재단
2025,41,경기도,전문대학,국제대학교,본교,사립,0,7251029.6,2025-05-19,B552529,한국장학재단
2025,46,전라남도,전문대학,청암대학교,본교,사립,0,6025237.8,2025-05-19,B552529,한국장학재단
2025,30,대전광역시,전문대학,대전보건대학교,본교,사립,0,6312877.6,2025-05-19,B552529,한국장학재단
2025,44,충청남도,전문대학,백석문화대학교,본교,사립,0,7274118.8,2025-05-19,B552529,한국장학재단
2025,31,울산광역시,전문대학,춘해보건대학교,본교,사립,0,6451297.5,2025-05-19,B552529,한국장학재단
2025,43,충청북도,전문대학,강동대학교,본교,사립,0,5901858.4,2025-05-19,B552529,한국장학재단
2025,43,충청북도,전문대학,충청대학교,본교,사립,0,6253253.2,2025-05-19,B552529,한국장학재단
2025,28,인천광역시,전문대학,경인여자대학교,본교,사립,0,6763493.2,2025-05-19,B552529,한국장학재단
2025,44,충청남도,전문대학,신성대학교,본교,사립,0,6702885,2025-05-19,B552529,한국장학재단
2025,41,경기도,전문대학,김포대학교,본교,사립,0,6819483.1,2025-05-19,B552529,한국장학재단
2025,41,경기도,전문대학,동서울대학교,본교,사립,0,7152356,2025-05-19,B552529,한국장학재단
2025,48,경상남도,전문대학,진주보건대학교,본교,사립,0,6505483.5,2025-05-19,B552529,한국장학재단
2025,41,경기도,전문대학,서울예술대학교,본교,사립,0,8449281.7,2025-05-19,B552529,한국장학재단
2025,41,경기도,전문대학,부천대학교,본교,사립,0,6701798.2,2025-05-19,B552529,한국장학재단
2025,50,제주특별자치도,전문대학,제주한라대학교,본교,사립,0,5454054.8,2025-05-19,B552529,한국장학재단
2025,27,대구광역시,전문대학,대구과학대학교,본교,사립,0,6114833.4,2025-05-19,B552529,한국장학재단
2025,51,강원특별자치도,전문대학,강릉영동대학교,본교,사립,0,6123191.2,2025-05-19,B552529,한국장학재단
2025,11,서울특별시,전문대학,한양여자대학교,본교,사립,0,6549028.9,2025-05-19,B552529,한국장학재단
2025,44,충청남도,전문대학,혜전대학교,본교,사립,0,6133020.1,2025-05-19,B552529,한국장학재단
2025,26,부산광역시,전문대학,부산여자대학교,본교,사립,0,6309078.1,2025-05-19,B552529,한국장학재단
2025,47,경상북도,전문대학,호산대학교,본교,사립,0,6005017,2025-05-19,B552529,한국장학재단
2025,26,부산광역시,전문대학,대동대학교,본교,사립,0,6411209.9,2025-05-19,B552529,한국장학재단
2025,26,부산광역시,전문대학,부산경상대학교,본교,사립,0,5623698.3,2025-05-19,B552529,한국장학재단
2025,29,광주광역시,전문대학,동강대학교,본교,사립,0,5672545.7,2025-05-19,B552529,한국장학재단
2025,41,경기도,전문대학,경기과학기술대학교,본교,사립,0,6756280.5,2025-05-19,B552529,한국장학재단
2025,41,경기도,전문대학,경민대학교,본교,사립,0,6869892.6,2025-05-19,B552529,한국장학재단
2025,47,경상북도,전문대학,영남외국어대학,본교,사립,0,5582960.9,2025-05-19,B552529,한국장학재단
2025,47,경상북도,전문대학,경북전문대학교,본교,사립,0,6088522.9,2025-05-19,B552529,한국장학재단
2025,27,대구광역시,전문대학,계명문화대학교,본교,사립,0,6309383.2,2025-05-19,B552529,한국장학재단
2025,41,경기도,전문대학,계원예술대학교,본교,사립,0,8044752.5,2025-05-19,B552529,한국장학재단
2025,41,경기도,전문대학,수원과학대학교,본교,사립,0,5826005,2025-05-19,B552529,한국장학재단
2025,51,강원특별자치도,전문대학,송호대학교,본교,사립,0,5951309.6,2025-05-19,B552529,한국장학재단
2025,41,경기도,전문대학,동아방송예술대학교,본교,사립,0,7798219.5,2025-05-19,B552529,한국장학재단
2025,29,광주광역시,전문대학,기독간호대학교,본교,사립,0,5369153.4,2025-05-19,B552529,한국장학재단
2025,11,서울특별시,원격대학,정석대학,본교,사립,0,0,2025-05-19,B552529,한국장학재단
2025,41,경기도,전문대학,웅지세무대학교,본교,사립,0,6960000,2025-05-19,B552529,한국장학재단
2025,41,경기도,전문대학,서정대학교,본교,사립,0,6329681.4,2025-05-19,B552529,한국장학재단
2025,51,강원특별자치도,전문대학,송곡대학교,본교,사립,0,5499395.4,2025-05-19,B552529,한국장학재단
2025,48,경상남도,전문대학,김해대학교,본교,사립,0,6218116.6,2025-05-19,B552529,한국장학재단
2025,41,경기도,전문대학,ICT폴리텍대학,본교,사립,0,2500000,2025-05-19,B552529,한국장학재단
2025,11,서울특별시,전문대학,한국폴리텍 I 대학 서울정수캠퍼스,본교,사립,0,2494000,2025-05-19,B552529,한국장학재단
2025,28,인천광역시,전문대학,한국폴리텍 II 대학 인천캠퍼스,본교,사립,0,2494000,2025-05-19,B552529,한국장학재단
2025,51,강원특별자치도,전문대학,한국폴리텍 III 대학 춘천캠퍼스,본교,사립,0,2432000,2025-05-19,B552529,한국장학재단
2025,30,대전광역시,전문대학,한국폴리텍 IV 대학 대전캠퍼스,본교,사립,0,2432000,2025-05-19,B552529,한국장학재단
2025,29,광주광역시,전문대학,한국폴리텍 V 대학 광주캠퍼스,본교,사립,0,2432000,2025-05-19,B552529,한국장학재단
2025,27,대구광역시,전문대학,한국폴리텍 VI 대학 대구캠퍼스,본교,사립,0,2432000,2025-05-19,B552529,한국장학재단
2025,48,경상남도,전문대학,한국폴리텍 VII 대학 창원캠퍼스,본교,사립,0,2432000,2025-05-19,B552529,한국장학재단
2025,27,대구광역시,전문대학,한국폴리텍 VI 대학 영남융합기술캠퍼,본교,사립,0,2432000,2025-05-19,B552529,한국장학재단
2025,48,경상남도,전문대학,한국폴리텍 특성화대학 항공캠퍼스,본교,사립,0,2308426.5,2025-05-19,B552529,한국장학재단
2025,44,충청남도,전문대학,한국폴리텍 특성화대학 바이오캠퍼스,본교,사립,0,2595000,2025-05-19,B552529,한국장학재단
2025,41,경기도,전문대학,한국폴리텍 특성화대학 반도체융합캠퍼스,본교,사립,0,2432000,2025-05-19,B552529,한국장학재단
2025,11,서울특별시,원격대학,한국방송통신대학교,본교,국립,0,761694.9,2025-05-19,B552529,한국장학재단
2025,47,경상북도,원격대학,한국복지사이버대학교,본교,사립,0,1710000,2025-05-19,B552529,한국장학재단
2025,11,서울특별시,전문대학,국제예술대학교,본교,사립,0,4722473.6,2025-05-19,B552529,한국장학재단
2025,11,서울특별시,전문대학,백석예술대학교,본교,사립,0,8735596,2025-05-19,B552529,한국장학재단
2025,11,서울특별시,전문대학,정화예술대학교,본교,사립,0,9300000,2025-05-19,B552529,한국장학재단
2025,51,강원특별자치도,전문대학,한국골프과학기술대학교,본교,사립,0,7921956.5,2025-05-19,B552529,한국장학재단
2025,48,경상남도,전문대학,한국승강기대학교,본교,사립,0,6293665.3,2025-05-19,B552529,한국장학재단
2025,11,서울특별시,원격대학,한국열린사이버대학교,본교,사립,0,2349103.4,2025-05-19,B552529,한국장학재단
2025,51,강원특별자치도,대학,강릉원주대학교,본교,국립,0,4256798.1,2025-05-19,B552529,한국장학재단
2025,51,강원특별자치도,대학,강원대학교,본교,국립,0,4179919,2025-05-19,B552529,한국장학재단
2025,27,대구광역시,대학,경북대학교,본교,국립,0,4514173.1,2025-05-19,B552529,한국장학재단
2025,48,경상남도,대학,경상국립대학교,본교,국립,0,4084328.8,2025-05-19,B552529,한국장학재단
2025,44,충청남도,대학,공주대학교,본교,국립,0,3858723.3,2025-05-19,B552529,한국장학재단
2025,52,전북특별자치도,대학,군산대학교,본교,국립,0,3897282.2,2025-05-19,B552529,한국장학재단
2025,47,경상북도,대학,금오공과대학교,본교,국립,0,3770399.6,2025-05-19,B552529,한국장학재단
2025,46,전라남도,대학,목포대학교,본교,국립,0,3873166.8,2025-05-19,B552529,한국장학재단
2025,46,전라남도,대학,목포해양대학교,본교,국립,0,3409473.1,2025-05-19,B552529,한국장학재단
2025,26,부산광역시,대학,부경대학교,본교,국립,0,4046157.9,2025-05-19,B552529,한국장학재단
2025,26,부산광역시,대학,부산대학교,본교,국립,0,4472115.7,2025-05-19,B552529,한국장학재단
2025,11,서울특별시,대학,서울대학교,본교,국립,0,6058797.7,2025-05-19,B552529,한국장학재단
2025,46,전라남도,대학,순천대학교,본교,국립,0,3971633.4,2025-05-19,B552529,한국장학재단
2025,47,경상북도,대학,경국대학교,본교,국립,0,3787927.3,2025-05-19,B552529,한국장학재단
2025,29,광주광역시,대학,전남대학교,본교,국립,0,4192730.2,2025-05-19,B552529,한국장학재단
2025,52,전북특별자치도,대학,전북대학교,본교,국립,0,4447738.3,2025-05-19,B552529,한국장학재단
2025,50,제주특별자치도,대학,제주대학교,본교,국립,0,4028696.6,2025-05-19,B552529,한국장학재단
2025,48,경상남도,대학,창원대학교,본교,국립,0,3906262.5,2025-05-19,B552529,한국장학재단
2025,30,대전광역시,대학,충남대학교,본교,국립,0,4386642,2025-05-19,B552529,한국장학재단
2025,43,충청북도,대학,충북대학교,본교,국립,0,4286467,2025-05-19,B552529,한국장학재단
2025,43,충청북도,대학,한국교원대학교,본교,국립,0,3350393.8,2025-05-19,B552529,한국장학재단
2025,11,서울특별시,대학,한국체육대학교,본교,국립,0,3860074.8,2025-05-19,B552529,한국장학재단
2025,26,부산광역시,대학,한국해양대학교,본교,국립,0,3721746.4,2025-05-19,B552529,한국장학재단
2025,43,충청북도,대학,한국교통대학교,본교,국립,0,4111989.3,2025-05-19,B552529,한국장학재단
2025,11,서울특별시,대학,서울시립대학교,본교,공립,0,2532527.2,2025-05-19,B552529,한국장학재단
2025,28,인천광역시,대학,인천대학교,본교,국립,0,4651527.2,2025-05-19,B552529,한국장학재단
2025,44,충청남도,대학,공주교육대학교,본교,국립,0,3600000,2025-05-19,B552529,한국장학재단
2025,29,광주광역시,대학,광주교육대학교,본교,국립,0,3792359.7,2025-05-19,B552529,한국장학재단
2025,27,대구광역시,대학,대구교육대학교,본교,국립,0,3896000,2025-05-19,B552529,한국장학재단
2025,26,부산광역시,대학,부산교육대학교,본교,국립,0,3316000,2025-05-19,B552529,한국장학재단
2025,11,서울특별시,대학,서울교육대학교,본교,국립,0,3256000,2025-05-19,B552529,한국장학재단
2025,28,인천광역시,대학,경인교육대학교,본교,국립,0,3492872.4,2025-05-19,B552529,한국장학재단
2025,52,전북특별자치도,대학,전주교육대학교,본교,국립,0,3646000,2025-05-19,B552529,한국장학재단
2025,48,경상남도,대학,진주교육대학교,본교,국립,0,3778500,2025-05-19,B552529,한국장학재단
2025,43,충청북도,대학,청주교육대학교,본교,국립,0,3600000,2025-05-19,B552529,한국장학재단
2025,51,강원특별자치도,대학,춘천교육대학교,본교,국립,0,3494000,2025-05-19,B552529,한국장학재단
2025,11,서울특별시,원격대학,한양사이버대학교,본교,사립,0,2939051.5,2025-05-19,B552529,한국장학재단
2025,31,울산광역시,대학,울산과학기술원,본교,국립,0,6548625.4,2025-05-19,B552529,한국장학재단
2025,51,강원특별자치도,대학,강릉원주대학교,제2캠퍼,국립,0,4273990.8,2025-05-19,B552529,한국장학재단
2025,51,강원특별자치도,대학,강원대학교,제2캠퍼,국립,0,4242824.4,2025-05-19,B552529,한국장학재단
2025,46,전라남도,대학,전남대학교,제2캠퍼,국립,0,4097403,2025-05-19,B552529,한국장학재단
2025,44,충청남도,전문대학,충남도립대학교,본교,공립,0,2461746.1,2025-05-19,B552529,한국장학재단
2025,51,강원특별자치도,전문대학,강원도립대학교,본교,공립,0,2348711.2,2025-05-19,B552529,한국장학재단
2025,47,경상북도,전문대학,경북도립대학교,본교,공립,0,2456725.1,2025-05-19,B552529,한국장학재단
2025,41,경기도,전문대학,한국복지대학교,본교,국립,0,2714000,2025-05-19,B552529,한국장학재단
2025,48,경상남도,전문대학,경남도립거창대학,본교,공립,0,2852695.7,2025-05-19,B552529,한국장학재단
2025,46,전라남도,전문대학,전남도립대학교,본교,공립,0,1960965.5,2025-05-19,B552529,한국장학재단
2025,48,경상남도,전문대학,경남도립남해대학,본교,공립,0,2759139.1,2025-05-19,B552529,한국장학재단
2025,43,충청북도,전문대학,충북도립대학교,본교,공립,0,1880604.7,2025-05-19,B552529,한국장학재단
2025,52,전북특별자치도,전문대학,한국농수산대학교,본교,국립,0,0,2025-05-19,B552529,한국장학재단
2025,11,서울특별시,대학,한국예술종합학교,본교,국립,0,4806454.7,2025-05-19,B552529,한국장학재단
2025,29,광주광역시,대학,광주과학기술원,본교,국립,0,2060000,2025-05-19,B552529,한국장학재단
2025,30,대전광역시,대학,한국과학기술원,본교,국립,0,6866000,2025-05-19,B552529,한국장학재단
2025,27,대구광역시,대학,대구경북과학기술원,본교,국립,0,7690000,2025-05-19,B552529,한국장학재단
2025,29,광주광역시,대학,송원대학교,본교,사립,0,6895898.1,2025-05-19,B552529,한국장학재단
2025,28,인천광역시,대학,인천가톨릭대학교,제2캠퍼,사립,0,8842141.8,2025-05-19,B552529,한국장학재단
2025,11,서울특별시,전문대학,한국폴리텍 I 대학 서울강서캠퍼스,본교,사립,0,2494000,2025-05-19,B552529,한국장학재단
2025,41,경기도,전문대학,한국폴리텍 I 대학 성남캠퍼스,본교,사립,0,2432000,2025-05-19,B552529,한국장학재단
2025,28,인천광역시,전문대학,한국폴리텍 II 대학 남인천캠퍼스,본교,사립,0,2494000,2025-05-19,B552529,한국장학재단
2025,51,강원특별자치도,전문대학,한국폴리텍 III 대학 강릉캠퍼스,본교,사립,0,2527173.9,2025-05-19,B552529,한국장학재단
2025,43,충청북도,전문대학,한국폴리텍 IV 대학 청주캠퍼스,본교,사립,0,2432000,2025-05-19,B552529,한국장학재단
2025,44,충청남도,전문대학,한국폴리텍 IV 대학 아산캠퍼스,본교,사립,0,2432000,2025-05-19,B552529,한국장학재단
2025,44,충청남도,전문대학,한국폴리텍 IV 대학 충남캠퍼스,본교,사립,0,2164000,2025-05-19,B552529,한국장학재단
2025,52,전북특별자치도,전문대학,한국폴리텍 V 대학 전북캠퍼스,본교,사립,0,2321000,2025-05-19,B552529,한국장학재단
2025,46,전라남도,전문대학,한국폴리텍 V 대학 전남캠퍼스,본교,사립,0,2164000,2025-05-19,B552529,한국장학재단
2025,52,전북특별자치도,전문대학,한국폴리텍 V 대학 익산캠퍼스,본교,사립,0,2432000,2025-05-19,B552529,한국장학재단
2025,47,경상북도,전문대학,한국폴리텍 VI 대학 구미캠퍼스,본교,사립,0,2432000,2025-05-19,B552529,한국장학재단
2025,26,부산광역시,전문대학,한국폴리텍 VII 대학 부산캠퍼스,본교,사립,0,2432000,2025-05-19,B552529,한국장학재단
2025,31,울산광역시,전문대학,한국폴리텍 VII 대학 울산캠퍼스,본교,사립,0,2432000,2025-05-19,B552529,한국장학재단
2025,44,충청남도,대학,남서울대학교,본교,사립,0,8356230.6,2025-05-19,B552529,한국장학재단
2025,30,대전광역시,대학,한밭대학교,본교,국립,0,4479446.5,2025-05-19,B552529,한국장학재단
2025,47,경상북도,대학,경운대학교,본교,사립,0,8093237.8,2025-05-19,B552529,한국장학재단
2025,41,경기도,대학,한국공학대학교,본교,사립,0,9450433.9,2025-05-19,B552529,한국장학재단
2025,11,서울특별시,대학,서울과학기술대학교,본교,국립,0,5494399.4,2025-05-19,B552529,한국장학재단
2025,41,경기도,대학,한경대학교,본교,국립,0,4020513.3,2025-05-19,B552529,한국장학재단
2025,46,전라남도,대학,초당대학교,본교,사립,0,7018931.6,2025-05-19,B552529,한국장학재단
2025,26,부산광역시,원격대학,화신사이버대학교,본교,사립,0,2527107.2,2025-05-19,B552529,한국장학재단
2025,50,제주특별자치도,대학,제주국제대학교,본교,사립,0,5824216.2,2025-05-19,B552529,한국장학재단
2025,11,서울특별시,전문대학,정화예술대학교,제2캠퍼,사립,0,9300000,2025-05-19,B552529,한국장학재단
2025,51,강원특별자치도,대학,경동대학교,제3캠퍼,사립,0,8954410.8,2025-05-19,B552529,한국장학재단
2025,48,경상남도,대학,창신대학교,본교,사립,0,6752313.4,2025-05-19,B552529,한국장학재단
2025,47,경상북도,전문대학,한국폴리텍 VI 대학 영주캠퍼스,본교,사립,0,2164000,2025-05-19,B552529,한국장학재단
2025,41,경기도,대학,신한대학교,본교,사립,0,9525092.6,2025-05-19,B552529,한국장학재단
2025,44,충청남도,대학,단국대학교,제2캠퍼,사립,0,8658564.6,2025-05-19,B552529,한국장학재단
2025,41,경기도,대학,경동대학교,제4캠퍼,사립,0,8137293.6,2025-05-19,B552529,한국장학재단
2025,44,충청남도,대학,한국전통문화대학교(일반),본교,국립,0,3382410.7,2025-05-19,B552529,한국장학재단
2025,48,경상남도,대학,가야대학교(김해),본교,사립,0,7239309.3,2025-05-19,B552529,한국장학재단
2025,41,경기도,대학,신한대학교,제2캠퍼,사립,0,9103881.7,2025-05-19,B552529,한국장학재단
2025,51,강원특별자치도,전문대학,한국폴리텍 III 대학 원주캠퍼스,본교,사립,0,2174000,2025-05-19,B552529,한국장학재단
2025,41,경기도,대학,가톨릭대학교,본교,사립,0,7493634.7,2025-05-19,B552529,한국장학재단
2025,30,대전광역시,대학,목원대학교,본교,사립,0,7722257.3,2025-05-19,B552529,한국장학재단
2025,11,서울특별시,대학,감리교신학대학교,본교,사립,0,6820923.7,2025-05-19,B552529,한국장학재단
2025,41,경기도,대학,강남대학교,본교,사립,0,7968388.7,2025-05-19,B552529,한국장학재단
2025,11,서울특별시,대학,건국대학교,본교,사립,0,8748292.8,2025-05-19,B552529,한국장학재단
2025,44,충청남도,대학,건양대학교,본교,사립,0,6625935.9,2025-05-19,B552529,한국장학재단
2025,41,경기도,대학,경기대학교,본교,사립,0,7796243.6,2025-05-19,B552529,한국장학재단
2025,51,강원특별자치도,대학,경동대학교,본교,사립,0,6728666.7,2025-05-19,B552529,한국장학재단
2025,41,경기도,대학,가천대학교,본교,사립,0,8812617.8,2025-05-19,B552529,한국장학재단
2025,27,대구광역시,대학,계명대학교,본교,사립,0,8079008.3,2025-05-19,B552529,한국장학재단
2025,11,서울특별시,대학,고려대학교,본교,사립,0,8814464.2,2025-05-19,B552529,한국장학재단
2025,26,부산광역시,대학,고신대학교,본교,사립,0,7057229.3,2025-05-19,B552529,한국장학재단
2025,41,경기도,대학,수원대학교,본교,사립,0,7663984,2025-05-19,B552529,한국장학재단
2025,11,서울특별시,대학,경희대학교,본교,사립,0,8441574.6,2025-05-19,B552529,한국장학재단
2025,41,경기도,대학,서울장신대학교,본교,사립,0,7728884.6,2025-05-19,B552529,한국장학재단
2025,29,광주광역시,대학,광신대학교,본교,사립,0,6176458.1,2025-05-19,B552529,한국장학재단
2025,41,경기도,대학,수원가톨릭대학교,본교,사립,0,5097000,2025-05-19,B552529,한국장학재단
2025,11,서울특별시,대학,광운대학교,본교,사립,0,8330757.9,2025-05-19,B552529,한국장학재단
2025,11,서울특별시,대학,국민대학교,본교,사립,0,8376923.6,2025-05-19,B552529,한국장학재단
2025,43,충청북도,대학,유원대학교,본교,사립,0,7202405.7,2025-05-19,B552529,한국장학재단
2025,44,충청남도,대학,나사렛대학교,본교,사립,0,7924397.6,2025-05-19,B552529,한국장학재단
2025,41,경기도,대학,단국대학교,본교,사립,0,8511519.8,2025-05-19,B552529,한국장학재단
2025,41,경기도,대학,용인대학교,본교,사립,0,8160711.2,2025-05-19,B552529,한국장학재단
2025,46,전라남도,대학,광주가톨릭대학교,본교,사립,0,0,2025-05-19,B552529,한국장학재단
2025,47,경상북도,대학,영남신학대학교,본교,사립,0,6614000,2025-05-19,B552529,한국장학재단
2025,47,경상북도,대학,대신대학교,본교,사립,0,6588923.7,2025-05-19,B552529,한국장학재단
2025,11,서울특별시,대학,세종대학교,본교,사립,0,8392237.8,2025-05-19,B552529,한국장학재단
2025,41,경기도,대학,아주대학교,본교,사립,0,8794887.9,2025-05-19,B552529,한국장학재단
2025,43,충청북도,대학,세명대학교,본교,사립,0,7280563.3,2025-05-19,B552529,한국장학재단
2025,30,대전광역시,대학,한남대학교,본교,사립,0,7657067.8,2025-05-19,B552529,한국장학재단
2025,30,대전광역시,대학,대전신학대학교,본교,사립,0,5956000,2025-05-19,B552529,한국장학재단
2025,36,세종특별자치시,대학,대전가톨릭대학교,본교,사립,0,5760000,2025-05-19,B552529,한국장학재단
2025,41,경기도,대학,대진대학교,본교,사립,0,8009719.7,2025-05-19,B552529,한국장학재단
2025,11,서울특별시,대학,총신대학교,본교,사립,0,7336119.7,2025-05-19,B552529,한국장학재단
2025,11,서울특별시,대학,덕성여자대학교,본교,사립,0,7593288.1,2025-05-19,B552529,한국장학재단
2025,11,서울특별시,대학,동국대학교,본교,사립,0,8458007.5,2025-05-19,B552529,한국장학재단
2025,11,서울특별시,대학,동덕여자대학교,본교,사립,0,7882190.2,2025-05-19,B552529,한국장학재단
2025,26,부산광역시,대학,동명대학교,본교,사립,0,7431063.8,2025-05-19,B552529,한국장학재단
2025,26,부산광역시,대학,동서대학교,본교,사립,0,7311715.9,2025-05-19,B552529,한국장학재단
2025,26,부산광역시,대학,동아대학교,본교,사립,0,7655191.2,2025-05-19,B552529,한국장학재단
2025,30,대전광역시,대학,우송대학교,본교,사립,0,7593389.1,2025-05-19,B552529,한국장학재단
2025,11,서울특별시,대학,한국외국어대학교,본교,사립,0,7594228.1,2025-05-19,B552529,한국장학재단
2025,44,충청남도,대학,순천향대학교,본교,사립,0,8284598.3,2025-05-19,B552529,한국장학재단
2025,26,부산광역시,대학,동의대학교,본교,사립,0,7346090.8,2025-05-19,B552529,한국장학재단
2025,41,경기도,대학,루터대학교,본교,사립,0,6334500,2025-05-19,B552529,한국장학재단
2025,51,강원특별자치도,대학,가톨릭관동대학교,본교,사립,0,7505368.9,2025-05-19,B552529,한국장학재단
2025,41,경기도,대학,명지대학교,본교,사립,0,9592689.4,2025-05-19,B552529,한국장학재단
2025,26,부산광역시,대학,신라대학교,본교,사립,0,7073302.5,2025-05-19,B552529,한국장학재단
2025,51,강원특별자치도,대학,한라대학교,본교,사립,0,7532127.5,2025-05-19,B552529,한국장학재단
2025,30,대전광역시,대학,배재대학교,본교,사립,0,7731641.1,2025-05-19,B552529,한국장학재단
2025,44,충청남도,대학,백석대학교,본교,사립,0,8362803.7,2025-05-19,B552529,한국장학재단
2025,11,서울특별시,대학,삼육대학교,본교,사립,0,8278362.1,2025-05-19,B552529,한국장학재단
2025,41,경기도,대학,협성대학교,본교,사립,0,7913432.3,2025-05-19,B552529,한국장학재단
2025,11,서울특별시,대학,상명대학교,본교,사립,0,8173318.3,2025-05-19,B552529,한국장학재단
2025,51,강원특별자치도,대학,상지대학교,본교,사립,0,7859253.5,2025-05-19,B552529,한국장학재단
2025,11,서울특별시,대학,서강대학교,본교,사립,0,8439438.6,2025-05-19,B552529,한국장학재단
2025,11,서울특별시,대학,서경대학교,본교,사립,0,8422266.4,2025-05-19,B552529,한국장학재단
2025,41,경기도,대학,서울신학대학교,본교,사립,0,7636306.2,2025-05-19,B552529,한국장학재단
2025,43,충청북도,대학,서원대학교,본교,사립,0,7340153.8,2025-05-19,B552529,한국장학재단
2025,47,경상북도,대학,대구가톨릭대학교,본교,사립,0,7656739.6,2025-05-19,B552529,한국장학재단
2025,44,충청남도,대학,선문대학교,본교,사립,0,8004005.6,2025-05-19,B552529,한국장학재단
2025,41,경기도,대학,성결대학교,본교,사립,0,7621682.4,2025-05-19,B552529,한국장학재단
2025,11,서울특별시,대학,성공회대학교,본교,사립,0,7450011.2,2025-05-19,B552529,한국장학재단
2025,41,경기도,대학,차의과학대학교,본교,사립,0,7568914.7,2025-05-19,B552529,한국장학재단
2025,11,서울특별시,대학,성균관대학교,본교,사립,0,8905163.3,2025-05-19,B552529,한국장학재단
2025,26,부산광역시,대학,부산가톨릭대학교,본교,사립,0,7245362.2,2025-05-19,B552529,한국장학재단
2025,11,서울특별시,대학,성신여자대학교,본교,사립,0,8404243.1,2025-05-19,B552529,한국장학재단
2025,29,광주광역시,대학,호남대학교,본교,사립,0,6581105.5,2025-05-19,B552529,한국장학재단
2025,26,부산광역시,대학,부산외국어대학교,본교,사립,0,6734485.2,2025-05-19,B552529,한국장학재단
2025,29,광주광역시,대학,광주여자대학교,본교,사립,0,6600791,2025-05-19,B552529,한국장학재단
2025,11,서울특별시,대학,숙명여자대학교,본교,사립,0,8593005.8,2025-05-19,B552529,한국장학재단
2025,41,경기도,대학,한세대학교,본교,사립,0,8598513.3,2025-05-19,B552529,한국장학재단
2025,11,서울특별시,대학,숭실대학교,본교,사립,0,8408228,2025-05-19,B552529,한국장학재단
2025,41,경기도,대학,중앙승가대학교,본교,사립,0,1820000,2025-05-19,B552529,한국장학재단
2025,52,전북특별자치도,대학,전주대학교,본교,사립,0,7323162.2,2025-05-19,B552529,한국장학재단
2025,41,경기도,대학,아신대학교,본교,사립,0,6900000,2025-05-19,B552529,한국장학재단
2025,11,서울특별시,대학,연세대학교,본교,사립,0,9660089.5,2025-05-19,B552529,한국장학재단
2025,47,경상북도,대학,대구대학교,본교,사립,0,7323331,2025-05-19,B552529,한국장학재단
2025,47,경상북도,대학,영남대학교,본교,사립,0,7845686.1,2025-05-19,B552529,한국장학재단
2025,46,전라남도,대학,영산선학대학교,본교,사립,0,2000000,2025-05-19,B552529,한국장학재단
2025,46,전라남도,대학,세한대학교,본교,사립,0,7766246,2025-05-19,B552529,한국장학재단
2025,52,전북특별자치도,대학,우석대학교,본교,사립,0,7287330.8,2025-05-19,B552529,한국장학재단
2025,41,경기도,대학,안양대학교,본교,사립,0,8024922.1,2025-05-19,B552529,한국장학재단
2025,31,울산광역시,대학,울산대학교,본교,사립,0,7730241.2,2025-05-19,B552529,한국장학재단
2025,52,전북특별자치도,대학,원광대학교,본교,사립,0,7864062.3,2025-05-19,B552529,한국장학재단
2025,47,경상북도,대학,신경주대학교,본교,사립,0,7492471.5,2025-05-19,B552529,한국장학재단
2025,47,경상북도,대학,대구예술대학교,본교,사립,0,8319377.8,2025-05-19,B552529,한국장학재단
2025,30,대전광역시,대학,을지대학교,본교,사립,0,10969266.7,2025-05-19,B552529,한국장학재단
2025,11,서울특별시,대학,이화여자대학교,본교,사립,0,9025874.9,2025-05-19,B552529,한국장학재단
2025,48,경상남도,대학,인제대학교,본교,사립,0,7701980.4,2025-05-19,B552529,한국장학재단
2025,28,인천광역시,대학,인천가톨릭대학교,본교,사립,0,5446000,2025-05-19,B552529,한국장학재단
2025,28,인천광역시,대학,인하대학교,본교,사립,0,8208392.2,2025-05-19,B552529,한국장학재단
2025,51,강원특별자치도,대학,한림대학교,본교,사립,0,7971522.3,2025-05-19,B552529,한국장학재단
2025,47,경상북도,대학,경일대학교,본교,사립,0,7753759.3,2025-05-19,B552529,한국장학재단
2025,11,서울특별시,대학,장로회신학대학교,본교,사립,0,7202000,2025-05-19,B552529,한국장학재단
2025,29,광주광역시,대학,호남신학대학교,본교,사립,0,6938628.6,2025-05-19,B552529,한국장학재단
2025,41,경기도,대학,한국항공대학교,본교,사립,0,8935459.5,2025-05-19,B552529,한국장학재단
2025,52,전북특별자치도,대학,호원대학교,본교,사립,0,7269319.6,2025-05-19,B552529,한국장학재단
2025,11,서울특별시,대학,서울여자대학교,본교,사립,0,7974807.1,2025-05-19,B552529,한국장학재단
2025,47,경상북도,대학,대구한의대학교,본교,사립,0,7597609.1,2025-05-19,B552529,한국장학재단
2025,29,광주광역시,대학,조선대학교,본교,사립,0,7477306.4,2025-05-19,B552529,한국장학재단
2025,44,충청남도,대학,중부대학교,본교,사립,0,7607472.7,2025-05-19,B552529,한국장학재단
2025,11,서울특별시,대학,중앙대학교,본교,사립,0,8363819.1,2025-05-19,B552529,한국장학재단
2025,43,충청북도,대학,청주대학교,본교,사립,0,8062329.9,2025-05-19,B552529,한국장학재단
2025,11,서울특별시,대학,추계예술대학교,본교,사립,0,9600692,2025-05-19,B552529,한국장학재단
2025,43,충청북도,대학,극동대학교,본교,사립,0,7921017.8,2025-05-19,B552529,한국장학재단
2025,30,대전광역시,대학,한국침례신학대학교,본교,사립,0,6164013.7,2025-05-19,B552529,한국장학재단
2025,41,경기도,대학,칼빈대학교,본교,사립,0,8113055.6,2025-05-19,B552529,한국장학재단
2025,47,경상북도,대학,포항공과대학교,본교,사립,0,5613500,2025-05-19,B552529,한국장학재단
2025,41,경기도,대학,평택대학교,본교,사립,0,7952521.6,2025-05-19,B552529,한국장학재단
2025,43,충청북도,대학,가톨릭꽃동네대학교,본교,사립,0,7506277.8,2025-05-19,B552529,한국장학재단
2025,11,서울특별시,대학,강서대학교,본교,사립,0,7924720.2,2025-05-19,B552529,한국장학재단
2025,11,서울특별시,대학,한국성서대학교,본교,사립,0,7490682.3,2025-05-19,B552529,한국장학재단
2025,44,충청남도,대학,한국기술교육대학교,본교,사립,0,4475315.8,2025-05-19,B552529,한국장학재단
2025,48,경상남도,대학,경남대학교,본교,사립,0,6850262.3,2025-05-19,B552529,한국장학재단
2025,26,부산광역시,대학,경성대학교,본교,사립,0,7328471.4,2025-05-19,B552529,한국장학재단
2025,11,서울특별시,대학,한성대학교,본교,사립,0,7793161.1,2025-05-19,B552529,한국장학재단
2025,41,경기도,대학,한신대학교,본교,사립,0,7641273.8,2025-05-19,B552529,한국장학재단
2025,11,서울특별시,대학,한양대학교,본교,사립,0,9016311.6,2025-05-19,B552529,한국장학재단
2025,52,전북특별자치도,대학,한일장신대학교,본교,사립,0,6810205.5,2025-05-19,B552529,한국장학재단
2025,11,서울특별시,대학,서울한영대학교,본교,사립,0,7082277.8,2025-05-19,B552529,한국장학재단
2025,44,충청남도,대학,한서대학교,본교,사립,0,8366237.5,2025-05-19,B552529,한국장학재단
2025,46,전라남도,대학,동신대학교,본교,사립,0,7064104.4,2025-05-19,B552529,한국장학재단
2025,47,경상북도,대학,한동대학교,본교,사립,0,7471730.5,2025-05-19,B552529,한국장학재단
2025,47,경상북도,대학,동양대학교,본교,사립,0,7706351.5,2025-05-19,B552529,한국장학재단
2025,44,충청남도,대학,청운대학교,본교,사립,0,7759020.6,2025-05-19,B552529,한국장학재단
2025,30,대전광역시,대학,대전대학교,본교,사립,0,7453927.6,2025-05-19,B552529,한국장학재단
2025,44,충청남도,대학,호서대학교,본교,사립,0,8164909.4,2025-05-19,B552529,한국장학재단
2025,29,광주광역시,대학,광주대학교,본교,사립,0,6919352.4,2025-05-19,B552529,한국장학재단
2025,11,서울특별시,대학,홍익대학교,본교,사립,0,8836668.5,2025-05-19,B552529,한국장학재단
2025,11,서울특별시,대학,서울기독대학교,본교,사립,0,7913735.3,2025-05-19,B552529,한국장학재단
2025,47,경상북도,대학,위덕대학교,본교,사립,0,7299243.6,2025-05-19,B552529,한국장학재단
2025,29,광주광역시,대학,남부대학교,본교,사립,0,6565533.5,2025-05-19,B552529,한국장학재단
2025,46,전라남도,대학,목포가톨릭대학교,본교,사립,0,6554800,2025-05-19,B552529,한국장학재단
2025,48,경상남도,대학,부산장신대학교,본교,사립,0,6133687.5,2025-05-19,B552529,한국장학재단
2025,52,전북특별자치도,대학,예원예술대학교,본교,사립,0,8504806.2,2025-05-19,B552529,한국장학재단
2025,52,전북특별자치도,대학,예수대학교,본교,사립,0,7273000,2025-05-19,B552529,한국장학재단
2025,44,충청남도,대학,금강대학교,본교,사립,0,6598000,2025-05-19,B552529,한국장학재단
2025,41,경기도,대학,화성의과학대학교,본교,사립,0,7704138.4,2025-05-19,B552529,한국장학재단
2025,30,대전광역시,원격대학,건양사이버대학교,본교,사립,0,2541328.6,2025-05-19,B552529,한국장학재단
2025,11,서울특별시,원격대학,경희사이버대학교,본교,사립,0,2914434.8,2025-05-19,B552529,한국장학재단
2025,11,서울특별시,원격대학,고려사이버대학교,본교,사립,0,2571227,2025-05-19,B552529,한국장학재단
2025,41,경기도,원격대학,국제사이버대학교,본교,사립,0,2557224,2025-05-19,B552529,한국장학재단
2025,44,충청남도,원격대학,글로벌사이버대학교,본교,사립,0,2443653.6,2025-05-19,B552529,한국장학재단
2025,47,경상북도,원격대학,대구사이버대학교,본교,사립,0,2622947.4,2025-05-19,B552529,한국장학재단
2025,11,서울특별시,원격대학,디지털서울문화예술대학교,본교,사립,0,3042212.5,2025-05-19,B552529,한국장학재단
2025,26,부산광역시,원격대학,부산디지털대학교,본교,사립,0,2522964,2025-05-19,B552529,한국장학재단
2025,11,서울특별시,원격대학,사이버한국외국어대학교,본교,사립,0,2887435.2,2025-05-19,B552529,한국장학재단
2025,11,서울특별시,원격대학,서울디지털대학교,본교,사립,0,2274830.3,2025-05-19,B552529,한국장학재단
2025,11,서울특별시,원격대학,서울사이버대학교,본교,사립,0,2849189.4,2025-05-19,B552529,한국장학재단
2025,41,경기도,원격대학,세계사이버대학,본교,사립,0,2484000,2025-05-19,B552529,한국장학재단
2025,11,서울특별시,원격대학,세종사이버대학교,본교,사립,0,2928327.6,2025-05-19,B552529,한국장학재단
2025,11,서울특별시,원격대학,숭실사이버대학교,본교,사립,0,2772244.9,2025-05-19,B552529,한국장학재단
2025,47,경상북도,원격대학,영남사이버대학교,본교,사립,0,2059746.8,2025-05-19,B552529,한국장학재단
2025,27,대구광역시,원격대학,영진사이버대학교,본교,사립,0,2427000,2025-05-19,B552529,한국장학재단
2025,43,충청북도,대학,중원대학교,본교,사립,0,7423544.2,2025-05-19,B552529,한국장학재단
2025,52,전북특별자치도,원격대학,원광디지털대학교,본교,사립,0,2737132.5,2025-05-19,B552529,한국장학재단
2025,43,충청북도,대학,순복음총회신학교,본교,사립,0,6048025.2,2025-05-19,B552529,한국장학재단
2025,47,경상북도,대학,김천대학교,본교,사립,0,7159777.6,2025-05-19,B552529,한국장학재단
2025,43,충청북도,대학,건국대학교(글로컬),분교,사립,0,8570181.3,2025-05-19,B552529,한국장학재단
2025,36,세종특별자치시,대학,고려대학교(세종),분교,사립,0,8939543.3,2025-05-19,B552529,한국장학재단
2025,47,경상북도,대학,동국대학교(WISE),분교,사립,0,8380054.6,2025-05-19,B552529,한국장학재단
2025,44,충청남도,대학,상명대학교,제2캠퍼,사립,0,8535797.4,2025-05-19,B552529,한국장학재단
2025,51,강원특별자치도,대학,연세대학교(미래),분교,사립,0,9063319.2,2025-05-19,B552529,한국장학재단
2025,41,경기도,대학,중앙대학교,제2캠퍼,사립,0,9165370.4,2025-05-19,B552529,한국장학재단
2025,41,경기도,대학,한양대학교(ERICA),분교,사립,0,9004779.7,2025-05-19,B552529,한국장학재단
2025,36,세종특별자치시,대학,홍익대학교,제2캠퍼,사립,0,8975828.6,2025-05-19,B552529,한국장학재단
2025,11,서울특별시,대학,가톨릭대학교,제2캠퍼,사립,0,9728300.7,2025-05-19,B552529,한국장학재단
2025,11,서울특별시,대학,가톨릭대학교,제3캠퍼,사립,0,6450000,2025-05-19,B552529,한국장학재단
2025,30,대전광역시,대학,건양대학교,제2캠퍼,사립,0,7641372.9,2025-05-19,B552529,한국장학재단
2025,11,서울특별시,대학,경기대학교,제2캠퍼,사립,0,7548841.5,2025-05-19,B552529,한국장학재단
2025,11,서울특별시,일반대학원,서울기독대학교,본교,사립,600000,4197949.2,2025-05-19,B552529,한국장학재단
2025,11,서울특별시,일반대학원,사이버한국외국어대학교,본교,사립,500000,3600000,2025-05-19,B552529,한국장학재단
2025,11,서울특별시,일반대학원,서울사이버대학교,본교,사립,500000,3786538.5,2025-05-19,B552529,한국장학재단
2025,11,서울특별시,일반대학원,한양사이버대학교,본교,사립,700000,4356268.7,2025-05-19,B552529,한국장학재단
2025,26,부산광역시,일반대학원,고신대학교,본교,사립,611875,4589665.2,2025-05-19,B552529,한국장학재단
2025,26,부산광역시,일반대학원,동명대학교,본교,사립,550000,3175134.2,2025-05-19,B552529,한국장학재단
2025,26,부산광역시,일반대학원,동서대학교,본교,사립,600000,5055374.2,2025-05-19,B552529,한국장학재단
2025,26,부산광역시,일반대학원,동아대학교,본교,사립,692000,5363641.6,2025-05-19,B552529,한국장학재단
2025,26,부산광역시,일반대학원,동의대학교,본교,사립,630000,4977284.9,2025-05-19,B552529,한국장학재단
2025,26,부산광역시,일반대학원,신라대학교,본교,사립,590000,4336849.6,2025-05-19,B552529,한국장학재단
2025,26,부산광역시,일반대학원,부산가톨릭대학교,본교,사립,532000,3979426.1,2025-05-19,B552529,한국장학재단
2025,26,부산광역시,일반대학원,부산외국어대학교,본교,사립,600000,4641073.9,2025-05-19,B552529,한국장학재단
2025,26,부산광역시,일반대학원,경성대학교,본교,사립,550000,4259820.9,2025-05-19,B552529,한국장학재단
2025,26,부산광역시,일반대학원,부산디지털대학교,본교,사립,400000,3400000,2025-05-19,B552529,한국장학재단
2025,26,부산광역시,일반대학원,영산대학교(해운대),본교,사립,590000,4577049.2,2025-05-19,B552529,한국장학재단
2025,27,대구광역시,일반대학원,계명대학교,본교,사립,810000,5115576.8,2025-05-19,B552529,한국장학재단
2025,28,인천광역시,일반대학원,인천가톨릭대학교,본교,사립,0,2784500,2025-05-19,B552529,한국장학재단
2025,28,인천광역시,일반대학원,인하대학교,본교,사립,1041000,6447097.9,2025-05-19,B552529,한국장학재단
2025,29,광주광역시,일반대학원,광신대학교,본교,사립,390581.4,3536751.4,2025-05-19,B552529,한국장학재단
2025,29,광주광역시,일반대학원,호남대학교,본교,사립,536000,3874613.8,2025-05-19,B552529,한국장학재단
2025,29,광주광역시,일반대학원,광주여자대학교,본교,사립,600000,4017162.2,2025-05-19,B552529,한국장학재단
2025,29,광주광역시,일반대학원,호남신학대학교,본교,사립,496000,4020704.8,2025-05-19,B552529,한국장학재단
2025,29,광주광역시,일반대학원,조선대학교,본교,사립,727000,5089631.2,2025-05-19,B552529,한국장학재단
2025,29,광주광역시,일반대학원,광주대학교,본교,사립,520967.7,3730123.1,2025-05-19,B552529,한국장학재단
2025,29,광주광역시,일반대학원,남부대학교,본교,사립,567000,3734316.7,2025-05-19,B552529,한국장학재단
2025,30,대전광역시,일반대학원,목원대학교,본교,사립,715000,4338047,2025-05-19,B552529,한국장학재단
2025,30,대전광역시,일반대학원,한남대학교,본교,사립,755620,4191460.4,2025-05-19,B552529,한국장학재단
2025,30,대전광역시,일반대학원,대전신학대학교,본교,사립,600000,3792857.1,2025-05-19,B552529,한국장학재단
2025,30,대전광역시,일반대학원,우송대학교,본교,사립,800000,5253859.8,2025-05-19,B552529,한국장학재단
2025,30,대전광역시,일반대학원,배재대학교,본교,사립,806000,4844099.2,2025-05-19,B552529,한국장학재단
2025,30,대전광역시,일반대학원,한국침례신학대학교,본교,사립,836652.2,3842440,2025-05-19,B552529,한국장학재단
2025,30,대전광역시,일반대학원,대전대학교,본교,사립,730000,4927563.7,2025-05-19,B552529,한국장학재단
2025,31,울산광역시,일반대학원,울산대학교,본교,사립,775000,5893695.1,2025-05-19,B552529,한국장학재단
2025,41,경기도,일반대학원,가톨릭대학교,본교,사립,1086000,6009312,2025-05-19,B552529,한국장학재단
2025,41,경기도,일반대학원,강남대학교,본교,사립,875000,4844145.5,2025-05-19,B552529,한국장학재단
2025,41,경기도,일반대학원,경기대학교,본교,사립,888000,5516113.5,2025-05-19,B552529,한국장학재단
2025,41,경기도,일반대학원,가천대학교,본교,사립,907000,5757324.8,2025-05-19,B552529,한국장학재단
2025,41,경기도,일반대학원,수원대학교,본교,사립,768000,4716778.5,2025-05-19,B552529,한국장학재단
2025,41,경기도,일반대학원,서울장신대학교,본교,사립,442000,4817000,2025-05-19,B552529,한국장학재단
2025,41,경기도,일반대학원,수원가톨릭대학교,본교,사립,0,2781500,2025-05-19,B552529,한국장학재단
2025,41,경기도,일반대학원,단국대학교,본교,사립,980000,6521184.2,2025-05-19,B552529,한국장학재단
2025,50,제주특별자치도,전문대학,한국폴리텍 I 대학 제주캠퍼스,본교,사립,0,2164000,2025-05-19,B552529,한국장학재단
2025,41,경기도,대학,을지대학교,제3캠퍼,사립,0,8682056,2025-05-19,B552529,한국장학재단
2025,47,경상북도,전문대학,한국폴리텍 특성화대학 로봇캠퍼스,본교,사립,0,2164000,2025-05-19,B552529,한국장학재단
2025,41,경기도,전문대학,한국폴리텍 II 대학 화성캠퍼스,본교,사립,0,0,2025-05-19,B552529,한국장학재단
2025,46,전라남도,대학,한국에너지공과대학교,본교,국립,0,9000000,2025-05-19,B552529,한국장학재단
2025,26,부산광역시,전문대학,한국폴리텍 VII 대학 동부산캠퍼스,본교,사립,0,0,2025-05-19,B552529,한국장학재단
2025,26,부산광역시,대학,영산대학교(해운대),본교,사립,0,7269549.7,2025-05-19,B552529,한국장학재단
2025,48,경상남도,대학,영산대학교(양산),제2캠퍼,사립,0,7032579,2025-05-19,B552529,한국장학재단
2025,11,서울특별시,일반대학원,감리교신학대학교,본교,사립,1133825,4213514.7,2025-05-19,B552529,한국장학재단
2025,11,서울특별시,일반대학원,건국대학교,본교,사립,1015000,6027995.1,2025-05-19,B552529,한국장학재단
2025,11,서울특별시,일반대학원,고려대학교,본교,사립,1144635.5,6587891.6,2025-05-19,B552529,한국장학재단
2025,11,서울특별시,일반대학원,경희대학교,본교,사립,1000000,6326495.5,2025-05-19,B552529,한국장학재단
2025,11,서울특별시,일반대학원,광운대학교,본교,사립,983000,6587378,2025-05-19,B552529,한국장학재단
2025,11,서울특별시,일반대학원,국민대학교,본교,사립,1029000,6381932.2,2025-05-19,B552529,한국장학재단
2025,11,서울특별시,일반대학원,세종대학교,본교,사립,990000,6467551.3,2025-05-19,B552529,한국장학재단
2025,11,서울특별시,일반대학원,총신대학교,본교,사립,1069307.7,4612007.8,2025-05-19,B552529,한국장학재단
2025,11,서울특별시,일반대학원,덕성여자대학교,본교,사립,1094000,5010770.4,2025-05-19,B552529,한국장학재단
2025,11,서울특별시,일반대학원,동국대학교,본교,사립,1047000,6004278.7,2025-05-19,B552529,한국장학재단
2025,11,서울특별시,일반대학원,동덕여자대학교,본교,사립,847000,5611080.2,2025-05-19,B552529,한국장학재단
2025,11,서울특별시,일반대학원,한국외국어대학교,본교,사립,1070000,5014895.3,2025-05-19,B552529,한국장학재단
2025,11,서울특별시,일반대학원,삼육대학교,본교,사립,835000,5780468.8,2025-05-19,B552529,한국장학재단
2025,11,서울특별시,일반대학원,상명대학교,본교,사립,1039000,6044047.7,2025-05-19,B552529,한국장학재단
2025,11,서울특별시,일반대학원,서강대학교,본교,사립,1042000,6219861.1,2025-05-19,B552529,한국장학재단
2025,11,서울특별시,일반대학원,서경대학교,본교,사립,910000,4956754.6,2025-05-19,B552529,한국장학재단
2025,11,서울특별시,일반대학원,성공회대학교,본교,사립,831500,5299650.8,2025-05-19,B552529,한국장학재단
2025,11,서울특별시,일반대학원,성균관대학교,본교,사립,1141000,7076759.7,2025-05-19,B552529,한국장학재단
2025,11,서울특별시,일반대학원,성신여자대학교,본교,사립,931000,5441671.5,2025-05-19,B552529,한국장학재단
2025,11,서울특별시,일반대학원,숙명여자대학교,본교,사립,913000,5992921.2,2025-05-19,B552529,한국장학재단
2025,11,서울특별시,일반대학원,숭실대학교,본교,사립,950000,6123291.4,2025-05-19,B552529,한국장학재단
2025,11,서울특별시,일반대학원,연세대학교,본교,사립,997172.3,6614017.3,2025-05-19,B552529,한국장학재단
2025,11,서울특별시,일반대학원,이화여자대학교,본교,사립,1027000,6358792.4,2025-05-19,B552529,한국장학재단
2025,11,서울특별시,일반대학원,장로회신학대학교,본교,사립,787000,5015240.9,2025-05-19,B552529,한국장학재단
2025,11,서울특별시,일반대학원,서울여자대학교,본교,사립,1000000,4994016.2,2025-05-19,B552529,한국장학재단
2025,11,서울특별시,일반대학원,중앙대학교,본교,사립,980000,6560288.6,2025-05-19,B552529,한국장학재단
2025,11,서울특별시,일반대학원,추계예술대학교,본교,사립,650000,5424192.3,2025-05-19,B552529,한국장학재단
2025,11,서울특별시,일반대학원,강서대학교,본교,사립,741282.1,4515089.9,2025-05-19,B552529,한국장학재단
2025,11,서울특별시,일반대학원,한국성서대학교,본교,사립,400000,4797666.7,2025-05-19,B552529,한국장학재단
2025,11,서울특별시,일반대학원,한성대학교,본교,사립,963846.2,4949111.8,2025-05-19,B552529,한국장학재단
2025,11,서울특별시,일반대학원,한양대학교,본교,사립,1030000,6607363.3,2025-05-19,B552529,한국장학재단
2025,11,서울특별시,일반대학원,서울한영대학교,본교,사립,600000,4367051.3,2025-05-19,B552529,한국장학재단
2025,11,서울특별시,일반대학원,홍익대학교,본교,사립,996000,6923918.8,2025-05-19,B552529,한국장학재단
2025,30,대전광역시,일반대학원,한밭대학교,본교,국립,42700,2999403.2,2025-05-19,B552529,한국장학재단
2025,31,울산광역시,일반대학원,울산과학기술원,본교,국립,0,3848717.4,2025-05-19,B552529,한국장학재단
2025,41,경기도,일반대학원,한국학대학원,본교,국립,0,1290000,2025-05-19,B552529,한국장학재단
2025,41,경기도,일반대학원,한경대학교,본교,국립,23000,2850589.1,2025-05-19,B552529,한국장학재단
2025,51,강원특별자치도,일반대학원,강릉원주대학교,본교,국립,0,2669841.5,2025-05-19,B552529,한국장학재단
2025,51,강원특별자치도,일반대학원,강원대학교,본교,국립,178000,3013749.6,2025-05-19,B552529,한국장학재단
2025,43,충청북도,일반대학원,충북대학교,본교,국립,175000,2838267.6,2025-05-19,B552529,한국장학재단
2025,43,충청북도,일반대학원,한국교원대학교,본교,국립,197000,2940690,2025-05-19,B552529,한국장학재단
2025,43,충청북도,일반대학원,한국교통대학교,본교,국립,38360.7,2673878,2025-05-19,B552529,한국장학재단
2025,44,충청남도,일반대학원,공주대학교,본교,국립,179000,2604581.2,2025-05-19,B552529,한국장학재단
2025,44,충청남도,일반대학원,한국전통문화대학교(일반),본교,국립,0,1799363.6,2025-05-19,B552529,한국장학재단
2025,52,전북특별자치도,일반대학원,군산대학교,본교,국립,178000,2333025.6,2025-05-19,B552529,한국장학재단
2025,52,전북특별자치도,일반대학원,전북대학교,본교,국립,178000,3256567.8,2025-05-19,B552529,한국장학재단
2025,46,전라남도,일반대학원,목포대학교,본교,국립,189000,2292171.7,2025-05-19,B552529,한국장학재단
2025,46,전라남도,일반대학원,목포해양대학교,본교,국립,168000,2388000,2025-05-19,B552529,한국장학재단
2025,46,전라남도,일반대학원,순천대학교,본교,국립,180000,2431631.6,2025-05-19,B552529,한국장학재단
2025,46,전라남도,일반대학원,한국에너지공과대학교,본교,국립,0,4500000,2025-05-19,B552529,한국장학재단
2025,47,경상북도,일반대학원,금오공과대학교,본교,국립,184000,2630217.5,2025-05-19,B552529,한국장학재단
2025,47,경상북도,일반대학원,경국대학교,본교,국립,170000,2225965.3,2025-05-19,B552529,한국장학재단
2025,48,경상남도,일반대학원,경상국립대학교,본교,국립,180000,2960282.1,2025-05-19,B552529,한국장학재단
2025,48,경상남도,일반대학원,창원대학교,본교,국립,0,2523591.1,2025-05-19,B552529,한국장학재단
2025,50,제주특별자치도,일반대학원,제주대학교,본교,국립,183000,2735066.5,2025-05-19,B552529,한국장학재단
2025,11,서울특별시,일반대학원,서울시립대학교,본교,공립,184000,3096887.3,2025-05-19,B552529,한국장학재단
2025,41,경기도,일반대학원,한양대학교(ERICA),분교,사립,1030000,6729356.2,2025-05-19,B552529,한국장학재단
2025,51,강원특별자치도,일반대학원,연세대학교(미래),분교,사립,1028000,6356239.6,2025-05-19,B552529,한국장학재단
2025,43,충청북도,일반대학원,건국대학교(글로컬),분교,사립,1015000,5895253.9,2025-05-19,B552529,한국장학재단
2025,47,경상북도,일반대학원,동국대학교(WISE),분교,사립,1047000,5570432.8,2025-05-19,B552529,한국장학재단
2025,36,세종특별자치시,일반대학원,고려대학교(세종),분교,사립,1142000,6608308.6,2025-05-19,B552529,한국장학재단
2025,11,서울특별시,일반대학원,가톨릭대학교,제2캠퍼,사립,1003000,7833289.2,2025-05-19,B552529,한국장학재단
2025,28,인천광역시,일반대학원,인천가톨릭대학교,제2캠퍼,사립,470200,6321675,2025-05-19,B552529,한국장학재단
2025,30,대전광역시,일반대학원,건양대학교,제2캠퍼,사립,600000,4856767.5,2025-05-19,B552529,한국장학재단
2025,41,경기도,일반대학원,중앙대학교,제2캠퍼,사립,980000,6880019.5,2025-05-19,B552529,한국장학재단
2025,41,경기도,일반대학원,예원예술대학교,제2캠퍼,사립,460000,4800000,2025-05-19,B552529,한국장학재단
2025,44,충청남도,일반대학원,상명대학교,제2캠퍼,사립,1039000,6164163.1,2025-05-19,B552529,한국장학재단
2025,44,충청남도,일반대학원,단국대학교,제2캠퍼,사립,980000,6980472.2,2025-05-19,B552529,한국장학재단
2025,48,경상남도,일반대학원,영산대학교(양산),제2캠퍼,사립,590000,4863000,2025-05-19,B552529,한국장학재단
2025,36,세종특별자치시,일반대학원,홍익대학교,제2캠퍼,사립,996000,7248200,2025-05-19,B552529,한국장학재단
2025,51,강원특별자치도,일반대학원,강릉원주대학교,제2캠퍼,국립,0,2389308.6,2025-05-19,B552529,한국장학재단
2025,11,서울특별시,일반대학원,가톨릭대학교,제3캠퍼,사립,1086000,4996000,2025-05-19,B552529,한국장학재단
2025,41,경기도,일반대학원,을지대학교,제3캠퍼,사립,844000,5094191.4,2025-05-19,B552529,한국장학재단
2025,52,전북특별자치도,일반대학원,원광디지털대학교,본교,사립,800000,3125000,2025-05-19,B552529,한국장학재단
2025,46,전라남도,일반대학원,광주가톨릭대학교,본교,사립,0,0,2025-05-19,B552529,한국장학재단
2025,46,전라남도,일반대학원,세한대학교,본교,사립,669000,3067400,2025-05-19,B552529,한국장학재단
2025,46,전라남도,일반대학원,동신대학교,본교,사립,530000,4238018.8,2025-05-19,B552529,한국장학재단
2025,46,전라남도,일반대학원,초당대학교,본교,사립,400000,3530100,2025-05-19,B552529,한국장학재단
2025,47,경상북도,일반대학원,영남신학대학교,본교,사립,550000,4511121.2,2025-05-19,B552529,한국장학재단
2025,47,경상북도,일반대학원,대신대학교,본교,사립,550000,3487044.4,2025-05-19,B552529,한국장학재단
2025,47,경상북도,일반대학원,대구가톨릭대학교,본교,사립,786000,4997758.6,2025-05-19,B552529,한국장학재단
2025,47,경상북도,일반대학원,대구대학교,본교,사립,750000,4745571.7,2025-05-19,B552529,한국장학재단
2025,47,경상북도,일반대학원,영남대학교,본교,사립,839000,5140515.6,2025-05-19,B552529,한국장학재단
2025,47,경상북도,일반대학원,신경주대학교,본교,사립,684000,3928465.4,2025-05-19,B552529,한국장학재단
2025,47,경상북도,일반대학원,경일대학교,본교,사립,750000,4155065.5,2025-05-19,B552529,한국장학재단
2025,47,경상북도,일반대학원,대구한의대학교,본교,사립,780000,4919603.8,2025-05-19,B552529,한국장학재단
2025,47,경상북도,일반대학원,포항공과대학교,본교,사립,898000,5185364.6,2025-05-19,B552529,한국장학재단
2025,47,경상북도,일반대학원,한동대학교,본교,사립,900000,5291341.5,2025-05-19,B552529,한국장학재단
2025,47,경상북도,일반대학원,동양대학교,본교,사립,710000,4138772.5,2025-05-19,B552529,한국장학재단
2025,47,경상북도,일반대학원,위덕대학교,본교,사립,600000,4026777.8,2025-05-19,B552529,한국장학재단
2025,47,경상북도,일반대학원,대구사이버대학교,본교,사립,500000,3675000,2025-05-19,B552529,한국장학재단
2025,47,경상북도,일반대학원,김천대학교,본교,사립,675000,3394606.1,2025-05-19,B552529,한국장학재단
2025,47,경상북도,일반대학원,경운대학교,본교,사립,732000,4722114.3,2025-05-19,B552529,한국장학재단
2025,48,경상남도,일반대학원,인제대학교,본교,사립,785000,5547124.6,2025-05-19,B552529,한국장학재단
2025,48,경상남도,일반대학원,경남대학교,본교,사립,600000,4244833.3,2025-05-19,B552529,한국장학재단
2025,48,경상남도,일반대학원,부산장신대학교,본교,사립,600000,4126660,2025-05-19,B552529,한국장학재단
2025,48,경상남도,일반대학원,창신대학교,본교,사립,0,4020952.4,2025-05-19,B552529,한국장학재단
2025,48,경상남도,일반대학원,가야대학교(김해),본교,사립,653000,3872153.8,2025-05-19,B552529,한국장학재단
2025,50,제주특별자치도,일반대학원,제주국제대학교,본교,사립,540000,3293333.3,2025-05-19,B552529,한국장학재단
2025,36,세종특별자치시,일반대학원,대전가톨릭대학교,본교,사립,0,3110000,2025-05-19,B552529,한국장학재단
2025,11,서울특별시,일반대학원,서울대학교,본교,국립,169000,3869807.1,2025-05-19,B552529,한국장학재단
2025,11,서울특별시,일반대학원,한국체육대학교,본교,국립,190000,3244000,2025-05-19,B552529,한국장학재단
2025,11,서울특별시,일반대학원,서울과학기술대학교,본교,국립,22000,3749616.2,2025-05-19,B552529,한국장학재단
2025,26,부산광역시,일반대학원,부경대학교,본교,국립,178000,2452654.3,2025-05-19,B552529,한국장학재단
2025,26,부산광역시,일반대학원,부산대학교,본교,국립,181000,3253680.9,2025-05-19,B552529,한국장학재단
2025,26,부산광역시,일반대학원,한국해양대학교,본교,국립,178500,2599762.7,2025-05-19,B552529,한국장학재단
2025,27,대구광역시,일반대학원,경북대학교,본교,국립,189000,3258843.7,2025-05-19,B552529,한국장학재단
2025,27,대구광역시,일반대학원,대구경북과학기술원,본교,국립,0,3845000,2025-05-19,B552529,한국장학재단
2025,28,인천광역시,일반대학원,인천대학교,본교,국립,485000,3898033.7,2025-05-19,B552529,한국장학재단
2025,29,광주광역시,일반대학원,전남대학교,본교,국립,0,3144465.6,2025-05-19,B552529,한국장학재단
2025,29,광주광역시,일반대학원,광주과학기술원,본교,국립,680000,3453325.8,2025-05-19,B552529,한국장학재단
2025,30,대전광역시,일반대학원,충남대학교,본교,국립,181000,3232009.3,2025-05-19,B552529,한국장학재단
2025,30,대전광역시,일반대학원,한국과학기술원,본교,국립,0,9546559.1,2025-05-19,B552529,한국장학재단
2025,41,경기도,일반대학원,용인대학교,본교,사립,886000,5820827.4,2025-05-19,B552529,한국장학재단
2025,41,경기도,일반대학원,아주대학교,본교,사립,900000,7085862.8,2025-05-19,B552529,한국장학재단
2025,41,경기도,일반대학원,대진대학교,본교,사립,931000,5899531.7,2025-05-19,B552529,한국장학재단
2025,41,경기도,일반대학원,명지대학교,본교,사립,930000,6104138.2,2025-05-19,B552529,한국장학재단
2025,41,경기도,일반대학원,협성대학교,본교,사립,800000,3578983.1,2025-05-19,B552529,한국장학재단
2025,41,경기도,일반대학원,서울신학대학교,본교,사립,883604.7,4739186.8,2025-05-19,B552529,한국장학재단
2025,41,경기도,일반대학원,성결대학교,본교,사립,850000,4634783.1,2025-05-19,B552529,한국장학재단
2025,41,경기도,일반대학원,차의과학대학교,본교,사립,806000,6298852.7,2025-05-19,B552529,한국장학재단
2025,41,경기도,일반대학원,한세대학교,본교,사립,600000,4704847.5,2025-05-19,B552529,한국장학재단
2025,41,경기도,일반대학원,중앙승가대학교,본교,사립,566666.7,2900000,2025-05-19,B552529,한국장학재단
2025,41,경기도,일반대학원,아신대학교,본교,사립,738000,3714836.5,2025-05-19,B552529,한국장학재단
2025,41,경기도,일반대학원,안양대학교,본교,사립,843975.9,5173320.6,2025-05-19,B552529,한국장학재단
2025,41,경기도,일반대학원,한국항공대학교,본교,사립,781000,6045798.8,2025-05-19,B552529,한국장학재단
2025,41,경기도,일반대학원,칼빈대학교,본교,사립,160000,4580000,2025-05-19,B552529,한국장학재단
2025,41,경기도,일반대학원,평택대학교,본교,사립,840000,4905894.4,2025-05-19,B552529,한국장학재단
2025,41,경기도,일반대학원,한신대학교,본교,사립,956000,4505137.4,2025-05-19,B552529,한국장학재단
2025,41,경기도,일반대학원,한국공학대학교,본교,사립,700000,4878000,2025-05-19,B552529,한국장학재단
2025,41,경기도,일반대학원,신한대학교,본교,사립,500000,4901680.7,2025-05-19,B552529,한국장학재단
2025,51,강원특별자치도,일반대학원,가톨릭관동대학교,본교,사립,630000,4884349.2,2025-05-19,B552529,한국장학재단
2025,51,강원특별자치도,일반대학원,상지대학교,본교,사립,715000,5517179.3,2025-05-19,B552529,한국장학재단
2025,51,강원특별자치도,일반대학원,한림대학교,본교,사립,992000,6227938.7,2025-05-19,B552529,한국장학재단
2025,43,충청북도,일반대학원,세명대학교,본교,사립,140000,4250820.7,2025-05-19,B552529,한국장학재단
2025,43,충청북도,일반대학원,서원대학교,본교,사립,677000,4610655.2,2025-05-19,B552529,한국장학재단
2025,43,충청북도,일반대학원,청주대학교,본교,사립,437000,4944256.1,2025-05-19,B552529,한국장학재단
2025,43,충청북도,일반대학원,극동대학교,본교,사립,600000,4445578.9,2025-05-19,B552529,한국장학재단
2025,43,충청북도,일반대학원,가톨릭꽃동네대학교,본교,사립,700000,3000000,2025-05-19,B552529,한국장학재단
2025,43,충청북도,일반대학원,중원대학교,본교,사립,750000,3519000,2025-05-19,B552529,한국장학재단
2025,44,충청남도,일반대학원,나사렛대학교,본교,사립,800000,4619313,2025-05-19,B552529,한국장학재단
2025,44,충청남도,일반대학원,순천향대학교,본교,사립,827000,5954170.5,2025-05-19,B552529,한국장학재단
2025,44,충청남도,일반대학원,백석대학교,본교,사립,678947.4,5444705.9,2025-05-19,B552529,한국장학재단
2025,44,충청남도,일반대학원,선문대학교,본교,사립,783000,4511419.8,2025-05-19,B552529,한국장학재단
2025,44,충청남도,일반대학원,중부대학교,본교,사립,576000,3835087.2,2025-05-19,B552529,한국장학재단
2025,44,충청남도,일반대학원,한국기술교육대학교,본교,사립,257000,2775673.8,2025-05-19,B552529,한국장학재단
2025,44,충청남도,일반대학원,한서대학교,본교,사립,700000,4527617.2,2025-05-19,B552529,한국장학재단
2025,44,충청남도,일반대학원,호서대학교,본교,사립,780000,5022365.4,2025-05-19,B552529,한국장학재단
2025,44,충청남도,일반대학원,금강대학교,본교,사립,1000000,3700000,2025-05-19,B552529,한국장학재단
2025,44,충청남도,일반대학원,남서울대학교,본교,사립,750000,3432951.2,2025-05-19,B552529,한국장학재단
2025,52,전북특별자치도,일반대학원,전주대학교,본교,사립,650000,4268625,2025-05-19,B552529,한국장학재단
2025,52,전북특별자치도,일반대학원,우석대학교,본교,사립,637000,4671030.7,2025-05-19,B552529,한국장학재단
2025,52,전북특별자치도,일반대학원,원광대학교,본교,사립,640000,5073669.4,2025-05-19,B552529,한국장학재단
2025,52,전북특별자치도,일반대학원,한일장신대학교,본교,사립,550000,3784857.1,2025-05-19,B552529,한국장학재단
2025,52,전북특별자치도,일반대학원,예수대학교,본교,사립,473000,3900000,2025-05-19,B552529,한국장학재단